"","mean","se_mean","sd","2.5%","50%","97.5%","n_eff","Rhat","CU"
"ln_alpha[1]",1.89054559957197,0.00936829089363416,0.480939092062313,0.929429171369226,1.89061361049116,2.82742614789548,2635.47817055006,0.9999256973596,"Kitsumkalum"
"ln_alpha[2]",1.84734007029037,0.00893622764916697,0.466085675498228,0.908846733270757,1.85261052134963,2.75629803313892,2720.33922489182,1.00029172410659,"Kitsumkalum"
"ln_alpha[3]",1.86007157856253,0.00896689171800609,0.465144105465943,0.923000446324118,1.8655847782686,2.76620464889803,2690.86055682307,1.00013397929149,"Kitsumkalum"
"ln_alpha[4]",1.86969776386487,0.00913704061733214,0.466322154611501,0.939331154497695,1.87560667861047,2.77580594115806,2604.71965308023,1.00003072781399,"Kitsumkalum"
"ln_alpha[5]",1.83505333078953,0.00898696511717407,0.466138150182508,0.905929606912439,1.83889290512859,2.75109722352323,2690.31532047439,0.999985643106124,"Kitsumkalum"
"ln_alpha[6]",1.75155109052912,0.00866509287194546,0.458900562512987,0.856533919096442,1.75325139309026,2.64384744360469,2804.72791160394,1.0001345964254,"Kitsumkalum"
"ln_alpha[7]",1.69032295969694,0.00825022322184991,0.446160944391706,0.811129320357758,1.68983281249911,2.56764345937137,2924.50052157804,1.0000889552069,"Kitsumkalum"
"ln_alpha[8]",1.65190923671321,0.00796635180837523,0.438495254522632,0.793053466895387,1.64827530567139,2.5204469538411,3029.77816912888,1.00003675682963,"Kitsumkalum"
"ln_alpha[9]",1.63218172937294,0.00808009429320847,0.442359289204561,0.753627203544725,1.63310796181259,2.48890595842645,2997.21187923743,1.00002053796475,"Kitsumkalum"
"ln_alpha[10]",1.67470970083028,0.00780178918523239,0.427429219682626,0.830972566078599,1.67624558907538,2.50266133436278,3001.51137700118,1.00008330396615,"Kitsumkalum"
"ln_alpha[11]",1.73952576267779,0.00781801930227539,0.416897740432639,0.910949990207902,1.742116697184,2.54979771128895,2843.58101389824,1.0001941293262,"Kitsumkalum"
"ln_alpha[12]",1.84431531679099,0.00811210106639453,0.411180518536482,1.00916654931773,1.85307712794423,2.62257935608303,2569.20260815312,1.00027455137806,"Kitsumkalum"
"ln_alpha[13]",1.89230505699426,0.00839604654427338,0.411119314963568,1.05698946666814,1.90101598820356,2.66346984760489,2397.65165850181,1.00057115052755,"Kitsumkalum"
"ln_alpha[14]",1.87829669918111,0.00817190417589578,0.401313558036188,1.06685947712473,1.88981153975547,2.62605397581268,2411.68806215724,1.00057364217432,"Kitsumkalum"
"ln_alpha[15]",1.90957639054499,0.00866483245478539,0.419664115833957,1.06450739697094,1.91511644378299,2.69342348225864,2345.75868124005,1.00052646724371,"Kitsumkalum"
"ln_alpha[16]",1.83724364537298,0.00852630734734243,0.416323097521749,1.00476326269912,1.84514827930058,2.63000986280178,2384.18002505601,1.00049542848428,"Kitsumkalum"
"ln_alpha[17]",1.82202447857304,0.00889906539705224,0.432023573390121,0.964944360180413,1.83021143448836,2.65246860749286,2356.81825243557,1.0005934273959,"Kitsumkalum"
"ln_alpha[18]",1.74712980094326,0.0089709205114272,0.445772444429212,0.874988441503529,1.74956226932942,2.63062751479438,2469.17812470811,1.0002833782638,"Kitsumkalum"
"ln_alpha[19]",1.72014668714051,0.00907346905030189,0.446735357395824,0.858033454323341,1.72142706762685,2.60082496118803,2424.11896239051,1.00037078854495,"Kitsumkalum"
"ln_alpha[20]",1.62953767184326,0.00914715121564982,0.458056259751814,0.717475876309908,1.63452068814361,2.52528087639602,2507.64426704367,1.00028580588191,"Kitsumkalum"
"ln_alpha[21]",1.59186376686246,0.0087166223059673,0.444786424670423,0.710760085291438,1.5931096671533,2.46350334433083,2603.79381345764,1.0003674577241,"Kitsumkalum"
"ln_alpha[22]",1.52806824595638,0.00816707030116031,0.427231848295456,0.679539455778286,1.52970188363306,2.35629646188382,2736.4949568295,1.00037086671926,"Kitsumkalum"
"ln_alpha[23]",1.53631467819341,0.00784859863865134,0.406709013043051,0.728796479478519,1.53465463825174,2.33546038627746,2685.24151109881,1.00044531971587,"Kitsumkalum"
"ln_alpha[24]",1.48039437775433,0.0076829732500241,0.403106025941657,0.674210408965161,1.48076472217032,2.26695893414087,2752.83346103487,1.00036400354624,"Kitsumkalum"
"ln_alpha[25]",1.46689469351709,0.00757105217141994,0.393374069602346,0.688475877611275,1.46539208564149,2.23988679894381,2699.59726653518,1.00028077500501,"Kitsumkalum"
"ln_alpha[26]",1.42559255174971,0.00735539150775366,0.383292313352039,0.669118530208678,1.43019044867309,2.16699994577183,2715.49265073874,1.00054922247491,"Kitsumkalum"
"ln_alpha[27]",1.4343418622377,0.00742821344111821,0.384718880397605,0.670591637828161,1.43848970195826,2.1774458422458,2682.36733644399,1.0005161879834,"Kitsumkalum"
"ln_alpha[28]",1.34473761726417,0.00710275866095688,0.373976875620343,0.606002765960355,1.34769071899219,2.0826564626604,2772.26908042988,1.00065585670668,"Kitsumkalum"
"ln_alpha[29]",1.20568815186239,0.00674541246895378,0.371190404019429,0.467608209793618,1.20509956635863,1.93434249378393,3028.14354549487,1.00060135792312,"Kitsumkalum"
"ln_alpha[30]",1.12169353423845,0.00668995922827177,0.378663528777037,0.379001839850182,1.12266205297877,1.865383430828,3203.76028640121,1.0002072214833,"Kitsumkalum"
"ln_alpha[31]",1.09831321313841,0.00661761234539174,0.374665920157325,0.370221031960019,1.09674856126137,1.85297891887889,3205.42586160423,1.00024724747644,"Kitsumkalum"
"ln_alpha[32]",1.00375004384748,0.00706063582642364,0.391855010085505,0.215473217440059,1.00363141309918,1.77381401493906,3080.08841763581,1.00029202229865,"Kitsumkalum"
"ln_alpha[33]",0.985685892648747,0.00684080794422588,0.381082900162328,0.234337744210964,0.989970760181965,1.72164940607481,3103.30261808919,1.00010956738581,"Kitsumkalum"
"ln_alpha[34]",0.995517801984409,0.00661361317442265,0.375064626941373,0.25286646818237,0.996767449651804,1.73573335776841,3216.13769604249,1.00001458424134,"Kitsumkalum"
"ln_alpha[35]",1.05944966399862,0.00651652170080189,0.371301394378128,0.320883333340716,1.0562705571365,1.79035848315214,3246.54531160002,1.000070116345,"Kitsumkalum"
"ln_alpha[36]",1.04172282674057,0.00662218497671291,0.387010119635534,0.280853265535078,1.04275043843518,1.79508475836784,3415.40356221605,1.00032332221812,"Kitsumkalum"
"ln_alpha[37]",1.1017639948781,0.00684907460632874,0.410281376038428,0.292938799770293,1.10148849239273,1.91172596685168,3588.39144749173,1.00035422601245,"Kitsumkalum"
"ln_alpha[38]",1.10300484361456,0.00696888541441399,0.448859073436804,0.23139009163142,1.10228599269149,1.99849544028486,4148.52173540002,1.00005374584074,"Kitsumkalum"
"ln_alpha[39]",1.10371573982944,0.00729983914571117,0.489774739673799,0.159552211725409,1.09822832208836,2.08969551329546,4501.5925571949,0.999897766549975,"Kitsumkalum"
"ln_alpha[40]",1.1045391625069,0.00744157571258995,0.522379028239625,0.0904207645696215,1.09986105315278,2.15249941233575,4927.67046362053,0.999974069672747,"Kitsumkalum"
"ln_alpha[41]",1.10326354195347,0.00760702994104286,0.550002641786572,0.0251854025247857,1.09041405612124,2.24366409690898,5227.56329305903,1.00024634902148,"Kitsumkalum"
"beta",0.000121630657168674,7.63249523282578e-07,3.63206485246713e-05,5.12308300065481e-05,0.000121138614725285,0.000194733846277758,2264.50928395818,1.00047073744385,"Kitsumkalum"
"pi[1]",0.263966842728163,0.000217928215014633,0.022461116706353,0.221158373800537,0.263367314582351,0.309310896198072,10622.7207635137,0.999852623467046,"Kitsumkalum"
"pi[2]",0.463478817177144,0.000274612308030676,0.0256504512786777,0.412532756501894,0.463682485007118,0.513189020585719,8724.6903835077,1.00020978147139,"Kitsumkalum"
"pi[3]",0.272554340094694,0.000204900053602624,0.0225849796176467,0.229340693451026,0.272415051343679,0.317629482657624,12149.4120607151,0.999813686201937,"Kitsumkalum"
"alpha_dev[1]",-0.220894921041233,0.00884616051168253,0.971806189604226,-2.11620698505518,-0.223114639881539,1.69511017765879,12068.3998588588,1.00005117816109,"Kitsumkalum"
"alpha_dev[2]",0.0535360211518651,0.00781478709981615,0.945218925966589,-1.81485943641606,0.047327058779051,1.89724231994869,14629.5347836065,0.999681056396536,"Kitsumkalum"
"alpha_dev[3]",0.0236783071862676,0.00778897242844575,0.942727461684126,-1.84399155568445,0.0204191903411202,1.86178999450729,14649.1350752965,0.999877863574605,"Kitsumkalum"
"alpha_dev[4]",-0.201089587413362,0.00803417661502925,0.942567589646119,-2.08450391929055,-0.203322825054033,1.63021833100071,13763.9236733299,1.00005434183283,"Kitsumkalum"
"alpha_dev[5]",-0.466021275561787,0.00816877618491336,0.925617739452851,-2.27452820831636,-0.470097173140713,1.34854094710423,12839.5364470207,0.999706921202405,"Kitsumkalum"
"alpha_dev[6]",-0.347050211839104,0.0086504844939043,0.932086277717406,-2.1426499567944,-0.359530800253744,1.50972777538626,11609.9771395139,0.99975307840537,"Kitsumkalum"
"alpha_dev[7]",-0.212442107527531,0.00830746199617897,0.933439975935579,-2.01550271408263,-0.210894908669864,1.61490931489131,12625.1360283149,0.999578048273499,"Kitsumkalum"
"alpha_dev[8]",-0.10179246539105,0.00787542303774788,0.920594171497936,-1.89490566276814,-0.0964982139364297,1.70843006445704,13664.3399591288,0.999693014249758,"Kitsumkalum"
"alpha_dev[9]",0.21325318129925,0.00846606393561892,0.929462008120453,-1.61559307242421,0.226789356652208,2.03913353453274,12053.1398989633,1.00005784022648,"Kitsumkalum"
"alpha_dev[10]",0.35026681872758,0.00864922142020477,0.932860510348056,-1.47700647330679,0.348041738563766,2.16061426948499,11632.6694530054,0.999945809882186,"Kitsumkalum"
"alpha_dev[11]",0.54106180058717,0.00952372242895994,0.968797785777604,-1.36143081082936,0.542179669296199,2.42198120404858,10347.9141373866,0.99967616773652,"Kitsumkalum"
"alpha_dev[12]",0.24856154462463,0.0088773913065483,0.940133466435724,-1.6084417312876,0.270773523625365,2.05767969305177,11215.2329428639,1.00010064899239,"Kitsumkalum"
"alpha_dev[13]",-0.0800852264367738,0.00790517525927265,0.910238004266941,-1.84320662018028,-0.0923726645847813,1.73190462639545,13258.2719498939,0.99966089235219,"Kitsumkalum"
"alpha_dev[14]",0.131799298620175,0.00923293475805138,0.944229141504074,-1.74600103079075,0.127388432254451,1.97141649201893,10458.6412491032,0.999741220169372,"Kitsumkalum"
"alpha_dev[15]",-0.403459711556331,0.00832632790649661,0.920428103257412,-2.23707193405883,-0.399216172966414,1.36844652601063,12220.0426146692,0.999934249627091,"Kitsumkalum"
"alpha_dev[16]",-0.144998535640939,0.0088957156814835,0.938101216588933,-1.9972270820841,-0.144994454987972,1.68337139520046,11120.8404671501,1.00001995668065,"Kitsumkalum"
"alpha_dev[17]",-0.437101923039156,0.00838340199917751,0.933880917106296,-2.22567789216252,-0.425335191910634,1.40355182808959,12409.1609797074,0.999806727298692,"Kitsumkalum"
"alpha_dev[18]",-0.212151415055844,0.00814873042820282,0.915155572388077,-2.00045923559996,-0.208539141652398,1.59769448269667,12612.7548639191,0.999713724414421,"Kitsumkalum"
"alpha_dev[19]",-0.530141779163266,0.00822257342486374,0.913277242197703,-2.30356056875264,-0.530029822257618,1.27790724553699,12336.4371581802,0.99996076377945,"Kitsumkalum"
"alpha_dev[20]",-0.265837147747351,0.00837206650942439,0.947685746792549,-2.09956679950609,-0.275033663405604,1.57101344203432,12813.3697372155,0.999644611983407,"Kitsumkalum"
"alpha_dev[21]",-0.383401128905644,0.00813221268089372,0.934711244632216,-2.24659360575182,-0.380645343339521,1.4834283780996,13211.0543205675,0.999661622369846,"Kitsumkalum"
"alpha_dev[22]",-0.0239254525937675,0.00883908592052154,0.937670905016827,-1.84385625658147,-0.0143629257094808,1.76914440824441,11253.4625504011,0.999768489561434,"Kitsumkalum"
"alpha_dev[23]",-0.340918612608728,0.00804072485966807,0.937586106527123,-2.15647304187488,-0.33904493344596,1.48550376518728,13596.6501593789,0.99954987846309,"Kitsumkalum"
"alpha_dev[24]",-0.144409152163544,0.00812765155135077,0.925433840975232,-1.94325264221009,-0.142457130698244,1.6191834797877,12964.6441437363,0.999760131723876,"Kitsumkalum"
"alpha_dev[25]",-0.288991484592962,0.00796417900595291,0.918564114577182,-2.09609575046472,-0.284924064605909,1.51247926624354,13302.6119998663,0.999913229553582,"Kitsumkalum"
"alpha_dev[26]",-0.0422605466176892,0.0100565733826932,0.948662679819195,-1.93459721634263,-0.0388723694697787,1.78473253936564,8898.63877625739,1.00040714694089,"Kitsumkalum"
"alpha_dev[27]",-0.539103494234701,0.00842598813414061,0.920368344694331,-2.34833893934707,-0.546291785195133,1.2535575449605,11931.1322518595,0.9998012429022,"Kitsumkalum"
"alpha_dev[28]",-0.782079311884671,0.00960152014245531,0.934438552782909,-2.62165446228465,-0.805059144717502,1.07169680432955,9471.55971283751,0.999671372956054,"Kitsumkalum"
"alpha_dev[29]",-0.512205170049784,0.00823210150985994,0.932313167145269,-2.34909105054203,-0.520890286050119,1.32166602718915,12826.3238620049,0.999806817633045,"Kitsumkalum"
"alpha_dev[30]",-0.202736312790329,0.00843146150769019,0.92416930156254,-2.01002147686512,-0.205352488593573,1.58648718182546,12014.2690477056,1.00000590136187,"Kitsumkalum"
"alpha_dev[31]",-0.533124906922862,0.00827870180716635,0.943494210222824,-2.34066734991903,-0.533389276328183,1.31622988957402,12988.3504770472,0.999775720140164,"Kitsumkalum"
"alpha_dev[32]",-0.136343748595964,0.00833222853618426,0.939997129088227,-1.96713950061469,-0.13735338742806,1.71335017374569,12727.1366721338,0.999939827152589,"Kitsumkalum"
"alpha_dev[33]",0.0326187278682245,0.00839853544008305,0.927395540934671,-1.77419038549823,0.0250436752215462,1.86107046749255,12193.3457435769,0.999721162273829,"Kitsumkalum"
"alpha_dev[34]",0.296056500811487,0.00899566012451384,0.95546834488829,-1.57741151825387,0.306513963764365,2.14835996695846,11281.4917339718,0.99981528105265,"Kitsumkalum"
"alpha_dev[35]",-0.0864144737695841,0.00840957018484615,0.964317440604808,-1.97872917846843,-0.0861135676916315,1.7976727614941,13148.9914806073,0.999733341045534,"Kitsumkalum"
"alpha_dev[36]",0.289909930652081,0.00891316056517502,0.97811318815096,-1.62203975070676,0.291878454648335,2.17678045115698,12042.4477040647,0.99992229519655,"Kitsumkalum"
"alpha_dev[37]",0.00188639351335806,0.00808447733924468,0.994570966573581,-1.9211856894868,-0.00391649471516982,1.93053848233811,15134.4853843194,1.0000666813929,"Kitsumkalum"
"alpha_dev[38]",0.00684334544688293,0.00824263811142105,1.00635037882493,-1.93860141435009,0.0038373896369879,2.00550651067255,14906.1663386598,0.999600560145326,"Kitsumkalum"
"alpha_dev[39]",0.00265527751118085,0.0082934185753156,1.00867009545552,-1.98948853753676,0.0106223352015327,1.93841717505552,14792.1438068908,0.999833245374787,"Kitsumkalum"
"alpha_dev[40]",-0.0042701302015591,0.00774190989468272,0.991717395451659,-1.9436873179311,0.00341043652745186,1.92828091437845,16408.906390589,1.00007920603476,"Kitsumkalum"
"alpha_dev[41]",-0.00536416235755107,0.00825313355645628,0.998638633122746,-1.98390073657333,-0.00512776434187106,1.92799710537259,14641.2777643678,0.999721645451693,"Kitsumkalum"
"ln_alpha[1]1",2.00280257020327,0.00784110664277896,0.415575253871583,1.19213334685622,2.00325555813637,2.8456024755221,2808.95406167928,1.00107567250999,"Large Lakes"
"ln_alpha[2]1",1.96056765451636,0.00712497935039424,0.395839438379688,1.1721644622316,1.96349264301132,2.75128244960956,3086.53284991496,1.0011592477451,"Large Lakes"
"ln_alpha[3]1",2.0395730159189,0.00770577690052245,0.397263056720574,1.24300679789045,2.03792030419665,2.83441292063145,2657.80734781214,1.00135171408733,"Large Lakes"
"ln_alpha[4]1",2.07952948053969,0.00813388751907269,0.410922749001702,1.26265878338819,2.07898970450688,2.90004664572696,2552.25489150011,1.00149998261912,"Large Lakes"
"ln_alpha[5]1",2.07849859611921,0.00847821992499997,0.41650412781129,1.25627790344146,2.08025032412096,2.90354607658926,2413.39975231498,1.00149256311984,"Large Lakes"
"ln_alpha[6]1",2.04426527909365,0.00848534323968651,0.417337457137597,1.20826373640097,2.04335452731999,2.87447133437023,2419.00018657174,1.00136136160499,"Large Lakes"
"ln_alpha[7]1",2.0179440098791,0.00817489890919017,0.411262982725521,1.19324075950408,2.01653632483184,2.84129971619449,2530.89693667851,1.0012658085196,"Large Lakes"
"ln_alpha[8]1",2.00555566088049,0.00862240129533064,0.426933847242563,1.1573413622737,2.00230447705745,2.85692108116827,2451.68523137847,1.00100688926675,"Large Lakes"
"ln_alpha[9]1",1.93891287938094,0.00886997783522039,0.438990944908795,1.09602878097061,1.93695473955083,2.84384178465175,2449.43576623725,1.00144076506616,"Large Lakes"
"ln_alpha[10]1",1.90059747012246,0.00907657393797416,0.450164393393619,1.03490162711776,1.89470576188828,2.8294539110895,2459.7919835062,1.00135257352944,"Large Lakes"
"ln_alpha[11]1",1.87561179304538,0.00888523136312438,0.446309453591258,1.01787946833633,1.86551370625131,2.78286896119582,2523.10131675137,1.00121966187412,"Large Lakes"
"ln_alpha[12]1",1.87834682373896,0.0089303509668621,0.441848905667882,1.03629189547223,1.86978336050723,2.80094165747795,2447.99492443696,1.00120782085499,"Large Lakes"
"ln_alpha[13]1",1.87510585669262,0.00890961150302098,0.439898565824651,1.03645472000711,1.86393770084749,2.76421394496638,2437.74097587474,1.00102474043299,"Large Lakes"
"ln_alpha[14]1",1.80664462928806,0.00836312221535787,0.424772962063773,0.983362284931459,1.80019908428247,2.65474362111049,2579.74537795907,1.00113735244291,"Large Lakes"
"ln_alpha[15]1",1.81280194293255,0.00852507285578784,0.423606649121387,0.986550602712718,1.8078270836587,2.66368616421781,2469.04689348682,1.00107146890631,"Large Lakes"
"ln_alpha[16]1",1.7426361495997,0.00814870636536956,0.412728986572471,0.94491948286115,1.73609566454374,2.55877131583764,2565.38531982416,1.000895005656,"Large Lakes"
"ln_alpha[17]1",1.72390045204432,0.0085411177110554,0.420370374561294,0.914595770213731,1.7139738495352,2.59430057824922,2422.33826108799,1.00094339124634,"Large Lakes"
"ln_alpha[18]1",1.64230230887481,0.00855406792167606,0.424934516800513,0.830877804010564,1.62546500031859,2.52793064926,2467.73562378735,1.00122651057351,"Large Lakes"
"ln_alpha[19]1",1.61090350026138,0.00853223188875286,0.427749316870487,0.800073054097751,1.59020828874741,2.50575533960099,2513.35218654357,1.00111076157764,"Large Lakes"
"ln_alpha[20]1",1.5207582284049,0.00852371158698569,0.430369687589633,0.708836647894135,1.50163777937763,2.423469865816,2549.32882926039,1.00114242004977,"Large Lakes"
"ln_alpha[21]1",1.49716042395474,0.00840671802874242,0.422249461199578,0.697635303540301,1.48094933783366,2.36604044464395,2522.81408097766,1.00120905211117,"Large Lakes"
"ln_alpha[22]1",1.39970504893548,0.00764340460893316,0.398208266188073,0.630211112401266,1.38624017889715,2.2182980713345,2714.23122498529,1.00115551732397,"Large Lakes"
"ln_alpha[23]1",1.32084039021929,0.00720860716714519,0.378366015193696,0.591334958398541,1.31296635572298,2.09234277492884,2754.99949617076,1.00101652326698,"Large Lakes"
"ln_alpha[24]1",1.20506886997384,0.00671311189146996,0.368758385739387,0.478263345691038,1.20375843892789,1.94941563990202,3017.42190329072,1.00091462851982,"Large Lakes"
"ln_alpha[25]1",1.14983392668586,0.00646288826485587,0.358723138008335,0.459463634946087,1.14705475362888,1.87744306320932,3080.81404040961,1.00129098465666,"Large Lakes"
"ln_alpha[26]1",1.12572323520804,0.00637426094251036,0.351933224163821,0.449236629782251,1.11699638965318,1.8200668802967,3048.32213808214,1.00122799543024,"Large Lakes"
"ln_alpha[27]1",1.15027994760236,0.00646593968147542,0.343877292765927,0.490442029556864,1.14007130064453,1.85671294102565,2828.41870204413,1.00145066328753,"Large Lakes"
"ln_alpha[28]1",1.11475260427891,0.00596773874765481,0.328133606342013,0.482749316822288,1.11181226314373,1.7793080934357,3023.30399636087,1.00164970100034,"Large Lakes"
"ln_alpha[29]1",1.05362843667581,0.00537606641343918,0.314400217331766,0.429013531731017,1.04893187571868,1.6802958654624,3420.08125982623,1.00114511920473,"Large Lakes"
"ln_alpha[30]1",0.99288544176069,0.00493353100088248,0.307466681908637,0.377493971574431,0.994290035781025,1.59590446062042,3884.01053426254,1.00089661658178,"Large Lakes"
"ln_alpha[31]1",0.986118035897749,0.00500047967485128,0.306295166379786,0.377208087114115,0.987002663690861,1.58491095951196,3751.94923709676,1.00114686759846,"Large Lakes"
"ln_alpha[32]1",0.95032480115008,0.00487055348070384,0.309513613318502,0.344441458144345,0.953846165944576,1.54919789056813,4038.33997264007,1.0007920272153,"Large Lakes"
"ln_alpha[33]1",0.993324079423931,0.00456988061195453,0.295787819033167,0.410482518654465,0.993720263081076,1.57699727215178,4189.39067556019,1.00101220755502,"Large Lakes"
"ln_alpha[34]1",1.04331658925547,0.00473186438411195,0.301237347477,0.464329719865891,1.04219330010599,1.63632287110519,4052.78020483029,1.00154252613203,"Large Lakes"
"ln_alpha[35]1",1.07340477984423,0.00463363823700021,0.313845533833789,0.468375266886335,1.07239427158653,1.71801630111537,4587.62232615799,1.00084445482366,"Large Lakes"
"ln_alpha[36]1",1.08521058515886,0.00503071215263893,0.338503867196685,0.430852222089366,1.07919576336848,1.78666769032973,4527.60292742532,1.00054571253445,"Large Lakes"
"ln_alpha[37]1",1.14519503925246,0.00557302645010532,0.377344278074979,0.434763008194867,1.13191290893792,1.93448739066755,4584.51427373607,1.00020140090504,"Large Lakes"
"ln_alpha[38]1",1.14555441544639,0.00568103250447995,0.420654543520219,0.366640283677181,1.13502790529222,2.03480436546089,5482.72697812183,0.99995663949109,"Large Lakes"
"ln_alpha[39]1",1.14481305935335,0.00578527602212092,0.453771259768659,0.302866332589081,1.13449230204879,2.0848411845019,6152.13423131711,0.999995571979783,"Large Lakes"
"ln_alpha[40]1",1.14171251511321,0.00600195095079684,0.487616521733176,0.206781240352145,1.12489293415944,2.15297194388105,6600.42560770487,0.999974449920086,"Large Lakes"
"ln_alpha[41]1",1.14018972118005,0.00626249987149425,0.527429977454396,0.134336020459263,1.12476263945147,2.24860539430809,7093.06860218938,0.999865559695865,"Large Lakes"
"beta1",4.06929431390221e-05,3.03858969764321e-07,1.35397974289703e-05,1.57148291414989e-05,4.00492093912198e-05,6.99721177640562e-05,1985.54718247609,1.0016992264783,"Large Lakes"
"pi[1]1",0.276144959633983,0.000210812024793945,0.0211801159280588,0.235041187447411,0.275946448259279,0.317807695661985,10094.0605743526,1.00004569553482,"Large Lakes"
"pi[2]1",0.569965080608831,0.000316665205291694,0.0238138811777197,0.520932204557862,0.570379625435266,0.615226870037448,5655.35239753559,1.00002802063551,"Large Lakes"
"pi[3]1",0.153889959757186,0.000210042900903923,0.0162797500863229,0.12348218220785,0.1532578723781,0.187740336366125,6007.30181342475,0.999771854420038,"Large Lakes"
"alpha_dev[1]1",-0.206181824149496,0.00930781187049514,0.964714341450039,-2.13180337703129,-0.198904602762456,1.68196053517752,10742.4236603328,0.999999312567035,"Large Lakes"
"alpha_dev[2]1",0.397129296982534,0.00949624050279871,0.966406825343531,-1.50017990420341,0.411566868039928,2.24145373099897,10356.5848329602,0.999558786044997,"Large Lakes"
"alpha_dev[3]1",0.190568222979872,0.00960120681113742,0.94387183086439,-1.65913120260612,0.187795521859629,2.01827042423509,9664.38897192916,0.999903916220543,"Large Lakes"
"alpha_dev[4]1",-0.0160172134067859,0.00851570552001789,0.917500493884535,-1.85970855416539,-0.015749257460015,1.77168041999402,11608.3727184274,0.999736436169914,"Large Lakes"
"alpha_dev[5]1",-0.197715513569961,0.00875282420023913,0.934101053263042,-2.02223553763087,-0.202939853882916,1.64010980435079,11389.1499776583,0.999824419602796,"Large Lakes"
"alpha_dev[6]1",-0.172335629873588,0.00881794025073947,0.916981181674344,-1.99335276646534,-0.168244480119102,1.62244116273792,10814.0044201379,1.00002205080405,"Large Lakes"
"alpha_dev[7]1",-0.102353449200214,0.0090386498915717,0.934037605490155,-1.90368440388414,-0.0956010477787276,1.75178076582104,10678.7788977996,0.999838341741293,"Large Lakes"
"alpha_dev[8]1",-0.385042681806846,0.00919285337490648,0.935987164286929,-2.19981369212963,-0.380151325474205,1.46930095682205,10366.6663174476,1.000266962401,"Large Lakes"
"alpha_dev[9]1",-0.241088211307274,0.00889981660157513,0.938953086614657,-2.07764815604379,-0.249457522609637,1.5862941407544,11130.7819067906,0.99973477107132,"Large Lakes"
"alpha_dev[10]1",-0.163842396741295,0.0087383245933116,0.931004877217232,-1.96000469069926,-0.166090497363234,1.68955742089791,11351.3513508887,0.999980534357455,"Large Lakes"
"alpha_dev[11]1",-0.0293023164179875,0.00889914875005075,0.940782485608314,-1.87701304013555,-0.0274942352534487,1.81184043429059,11175.8744699263,1.00022677216542,"Large Lakes"
"alpha_dev[12]1",-0.0728480174167628,0.0091986272806642,0.930890212528311,-1.92226694196955,-0.072523654226918,1.7132939904295,10241.2008636666,0.999967852690844,"Large Lakes"
"alpha_dev[13]1",-0.404418934321748,0.00870397103439236,0.920765186381902,-2.21035826260089,-0.39645422629739,1.42096270699967,11190.8456774719,0.999701019446392,"Large Lakes"
"alpha_dev[14]1",-0.0354928891831548,0.00939905035000936,0.940103949195028,-1.92124550136695,-0.0232145654032465,1.77641292085457,10004.2330923872,1.00003260112322,"Large Lakes"
"alpha_dev[15]1",-0.415952082669261,0.00911843349419105,0.937377265477542,-2.24088200369135,-0.424994730807683,1.4390451184717,10567.8919111381,0.999826194448954,"Large Lakes"
"alpha_dev[16]1",-0.179862138726235,0.00941879828957442,0.955692911814464,-2.09643633486099,-0.158254223332628,1.66177120479376,10295.4595672097,1.00026923123755,"Large Lakes"
"alpha_dev[17]1",-0.501101475846091,0.00832709089067513,0.924338653191117,-2.28363481321245,-0.494872411648187,1.27864080293541,12321.8415183826,0.999913479180972,"Large Lakes"
"alpha_dev[18]1",-0.244507238079565,0.00899422944283535,0.945332962271965,-2.07771872648915,-0.243444091717453,1.59052101595907,11046.9319363289,0.999635602452295,"Large Lakes"
"alpha_dev[19]1",-0.541863208010539,0.00874409822649494,0.92478464223075,-2.35334806522516,-0.535432285216958,1.26022996070692,11185.3908070228,0.999827246965687,"Large Lakes"
"alpha_dev[20]1",-0.204863638706003,0.00928191097908963,0.95714170612492,-2.07325633286288,-0.18329889106993,1.61776945849272,10633.5354461069,0.999803159430002,"Large Lakes"
"alpha_dev[21]1",-0.579192598033378,0.00867471781890639,0.915860799686632,-2.34652578253051,-0.578912374196746,1.19692289444275,11146.7491797135,1.00000932677904,"Large Lakes"
"alpha_dev[22]1",-0.483293794195033,0.0088757967474392,0.931670096377959,-2.27795130806689,-0.477250731829325,1.33791549175309,11018.1737215363,0.999758325021674,"Large Lakes"
"alpha_dev[23]1",-0.675411131165171,0.00950766039596037,0.92250094543284,-2.44697275936766,-0.67926307209258,1.14036787825156,9414.26281710391,0.999676370619736,"Large Lakes"
"alpha_dev[24]1",-0.357125354866109,0.00940636769794604,0.938061911371129,-2.21942551848391,-0.352603663670233,1.47990731590924,9945.32779595727,0.999960191746727,"Large Lakes"
"alpha_dev[25]1",-0.188255755081676,0.00899193667317782,0.95207840475072,-2.05521241476113,-0.179601131233312,1.6767136088062,11210.860529343,0.999748817707206,"Large Lakes"
"alpha_dev[26]1",0.0658434918330866,0.0094399351977512,0.956190235617405,-1.81282234371304,0.0595185842691383,1.92904350213477,10260.0761220057,0.999749387213424,"Large Lakes"
"alpha_dev[27]1",-0.229949831197176,0.00925504808344586,0.956778319297972,-2.1476256475332,-0.235414952537058,1.65404257845495,10687.2333567532,0.999796365213957,"Large Lakes"
"alpha_dev[28]1",-0.35109259752646,0.00969832636644159,0.936463086854271,-2.17541885980449,-0.357728040564273,1.46314365935821,9323.68809658709,0.999860856901336,"Large Lakes"
"alpha_dev[29]1",-0.339297063719988,0.00906575002324211,0.922549887316651,-2.12471025394925,-0.339739001912521,1.49155320770981,10355.5278447609,0.99968388338792,"Large Lakes"
"alpha_dev[30]1",-0.0700626682517371,0.00921841875555381,0.934466419837216,-1.93865252293474,-0.0597279003263171,1.75319934967949,10275.7737663404,0.999901722287962,"Large Lakes"
"alpha_dev[31]1",-0.188272300003606,0.00887140794502684,0.949955729969615,-2.04235622960912,-0.179521774088533,1.67690361692093,11466.2559675121,0.999748952504858,"Large Lakes"
"alpha_dev[32]1",0.21203264484226,0.00970614371391167,0.969655366073177,-1.70280119743452,0.226266154565927,2.06531606752505,9980.2489726366,0.99971002782223,"Large Lakes"
"alpha_dev[33]1",0.265543323301496,0.0088138301132148,0.94442086107666,-1.55414808533327,0.263298890929402,2.1190553837667,11481.5836073126,0.999771638223135,"Large Lakes"
"alpha_dev[34]1",0.159447647277465,0.00916107356827121,0.938925356638761,-1.66852854123322,0.158796625439581,2.00347234291381,10504.355084583,1.00002046927984,"Large Lakes"
"alpha_dev[35]1",0.0682718384266775,0.00910563573227596,0.971444516677436,-1.8342121498066,0.0809879063053056,1.96830643007662,11381.918130742,0.999864856219239,"Large Lakes"
"alpha_dev[36]1",0.305700262009272,0.00922737876922878,0.981763323623888,-1.63559420760153,0.303490308769952,2.2370774762572,11320.2732893449,1.00015104032515,"Large Lakes"
"alpha_dev[37]1",0.00379057114370065,0.00920429738850061,1.00034042592526,-1.94860067338716,0.00136072805564918,1.96466190928663,11811.7529688661,0.999686632078766,"Large Lakes"
"alpha_dev[38]1",0.00491410205486482,0.00899880316114132,0.990425660207235,-1.93745983337664,0.00217826468231507,1.95168047553138,12113.6288414321,0.999785713205374,"Large Lakes"
"alpha_dev[39]1",-0.00318161087687212,0.00840906274676598,0.998604432137292,-1.94642418169918,-0.015337943864309,1.94140948223605,14102.3598477784,0.99967979532274,"Large Lakes"
"alpha_dev[40]1",-0.00793608850815978,0.0090615559950311,1.01059375417456,-1.97548832171406,-0.00743892644790878,1.9922583663769,12437.9172379001,0.999741469356215,"Large Lakes"
"alpha_dev[41]1",-0.00908999523655703,0.00907100707549512,1.00746978413355,-1.96316428503948,-0.006517068202809,1.9390758839885,12335.3946352738,0.999674156441026,"Large Lakes"
"ln_alpha[1]2",1.09125238270885,0.0121700786191078,0.541808165344245,0.0799388138774501,1.08266002686449,2.19960076417847,1982.00307531822,1.00162831446807,"Lower Nass"
"ln_alpha[2]2",1.14371366622367,0.0106697829960619,0.487496274430584,0.222294628103344,1.14032086137145,2.1275983480118,2087.52376636171,1.0012623872556,"Lower Nass"
"ln_alpha[3]2",1.22508584342027,0.0103935339614599,0.483837491020641,0.310542713583922,1.2205429097235,2.18458168011836,2167.0680834348,1.00125113645701,"Lower Nass"
"ln_alpha[4]2",1.1721291890829,0.0103630030592309,0.472955829912085,0.281610157052557,1.16226356009851,2.13477506572682,2082.90716376772,1.00130972940705,"Lower Nass"
"ln_alpha[5]2",1.2242779129318,0.0103852143649625,0.464742527294678,0.366873741356801,1.21024296046648,2.18666442777707,2002.59856195079,1.00114152533457,"Lower Nass"
"ln_alpha[6]2",1.17494725480306,0.00973568128297992,0.443845578660196,0.340700676308713,1.16256467888181,2.09808274984632,2078.40941080816,1.00121947152881,"Lower Nass"
"ln_alpha[7]2",1.25123554057579,0.0101495409657552,0.464318329726941,0.384530446678831,1.23569357758001,2.18722070954583,2092.85362825174,1.00105352436637,"Lower Nass"
"ln_alpha[8]2",1.23849760783845,0.0106130534117552,0.473469688202191,0.367829014268477,1.22236003481504,2.21316107843966,1990.23179998136,1.00103351863775,"Lower Nass"
"ln_alpha[9]2",1.24400082884569,0.0104243693063137,0.470699964615831,0.375493510323293,1.22560590575129,2.20507050805919,2038.86632871177,1.0009632429719,"Lower Nass"
"ln_alpha[10]2",1.08265484503458,0.0102652057835244,0.462209551338819,0.247718573098126,1.0638151219246,2.05009155317527,2027.41432860346,1.00117580961752,"Lower Nass"
"ln_alpha[11]2",1.0779222667172,0.00983427939961171,0.4551521188932,0.263039692150098,1.05711579131094,2.02407547392407,2142.04234617451,1.00134642933477,"Lower Nass"
"ln_alpha[12]2",0.924332250903685,0.00995760601135105,0.458338608486625,0.0951350104216203,0.897944725348897,1.89263989799335,2118.6684840522,1.00114754997708,"Lower Nass"
"ln_alpha[13]2",0.844184280789719,0.0102176985916682,0.464386751049067,0.0104599170900121,0.822059320403949,1.83166167462201,2065.63444416363,1.00149129330729,"Lower Nass"
"ln_alpha[14]2",0.776835490755372,0.0101351256159053,0.458020223399435,-0.0513483057508831,0.75348357055367,1.75586380932891,2042.26002676653,1.00184941508446,"Lower Nass"
"ln_alpha[15]2",0.689482907321436,0.00986591944721278,0.446195792914123,-0.13484837171786,0.670563072824559,1.65011138375059,2045.38850887468,1.00195104102282,"Lower Nass"
"ln_alpha[16]2",0.77639667102303,0.00913856662365644,0.423998162940628,0.00560025594904587,0.753252820367641,1.68400747534662,2152.64187923055,1.00189372163106,"Lower Nass"
"ln_alpha[17]2",0.852060314205931,0.00849007498762182,0.401625344949346,0.106170140906724,0.834247919850899,1.69980384358504,2237.78918645938,1.00159298957647,"Lower Nass"
"ln_alpha[18]2",0.808750206775337,0.00750480483491231,0.378634066082726,0.109053413449595,0.79445770417266,1.5847603404577,2545.42652302466,1.00124023879557,"Lower Nass"
"ln_alpha[19]2",0.706889864300107,0.00743249852368349,0.376984644591807,-0.0204017284449265,0.695629036235381,1.4967702769047,2572.63194679793,1.00090721020215,"Lower Nass"
"ln_alpha[20]2",0.845277094192251,0.00650598550542788,0.350730226205888,0.185266446848673,0.832771999434449,1.57601219616311,2906.16459705966,1.00075278296515,"Lower Nass"
"ln_alpha[21]2",0.937587686260053,0.00657549571670559,0.353035989974634,0.270245094959123,0.927589195901312,1.67242755558723,2882.57731469923,1.00060628757473,"Lower Nass"
"ln_alpha[22]2",1.00506107570071,0.00646506033283721,0.348786858047054,0.347724183119704,0.997709524774552,1.73795818916052,2910.54997922103,1.00056226512146,"Lower Nass"
"ln_alpha[23]2",1.1504925642908,0.00602319292807648,0.335731467298904,0.52057239639637,1.13698951256978,1.83351168074094,3106.923418526,1.00084539256484,"Lower Nass"
"ln_alpha[24]2",1.21707900727691,0.00595017054660279,0.339615378244351,0.583914702179647,1.2070112589374,1.92214782217396,3257.73585073063,1.00057711832557,"Lower Nass"
"ln_alpha[25]2",1.35775191821639,0.00692184849249284,0.374398819493279,0.647011922753292,1.34625079762943,2.13207859263853,2925.66612496492,1.00055966053107,"Lower Nass"
"ln_alpha[26]2",1.53910466784108,0.00819312968875117,0.415144371269641,0.769825756489911,1.51969189498954,2.41056160724684,2567.43022226082,1.00122940666768,"Lower Nass"
"ln_alpha[27]2",1.73430891822358,0.0101144950315024,0.479778285604825,0.838125322720352,1.71450059084777,2.74176082984515,2250.05309147573,1.00146093162838,"Lower Nass"
"ln_alpha[28]2",1.79700321244281,0.0109686836982673,0.517989240905093,0.831432646076613,1.77926645169697,2.88254782863869,2230.14166889698,1.00134276002216,"Lower Nass"
"ln_alpha[29]2",1.80084210967853,0.0114887253087696,0.571156308880399,0.777833498259545,1.75990189958259,3.02860342344414,2471.53215516125,1.00115723144714,"Lower Nass"
"ln_alpha[30]2",1.79784333539417,0.0115235503489995,0.616084501988273,0.712221178852231,1.75848288920397,3.11733103776006,2858.300995422,1.00112078106788,"Lower Nass"
"ln_alpha[31]2",1.79899627974239,0.0115117172709627,0.658508946326018,0.6455128669872,1.74860548121237,3.22163421215958,3272.22478344843,1.00107021268626,"Lower Nass"
"ln_alpha[32]2",1.79711591252179,0.0118463863975082,0.704324122987974,0.577197886384765,1.74379797573147,3.3305749636324,3534.86911759086,1.00114600454945,"Lower Nass"
"beta2",0.000319576495172591,3.43056860068924e-06,0.000148993864412415,5.46107106654701e-05,0.000309446217199718,0.000638111773605654,1886.27301760273,1.00148757879482,"Lower Nass"
"pi[1]2",0.413653312799654,0.000189015141778015,0.0161928670830955,0.382091388472141,0.413884755792115,0.445873622383685,7339.29440835004,0.999783128634905,"Lower Nass"
"pi[2]2",0.516481996596615,0.000189842574329618,0.0162502791621409,0.484045481818627,0.516753531144343,0.547591201784764,7327.13887992372,1.00004097387577,"Lower Nass"
"pi[3]2",0.0698646906037315,0.000156838115088813,0.00831747937436742,0.0547374583127439,0.0694146764085843,0.0875161858949396,2812.42038231891,1.00187735002219,"Lower Nass"
"alpha_dev[1]2",0.225044728110416,0.01120825836701,0.932609887630285,-1.61060718424207,0.229242624833556,1.99423289794498,6923.4691933213,1.00028888172534,"Lower Nass"
"alpha_dev[2]2",0.334552075051293,0.0105926616180436,0.906397262826597,-1.46479389800686,0.341112727497124,2.10803272526513,7321.95360585627,0.99984901457876,"Lower Nass"
"alpha_dev[3]2",-0.201109826407899,0.0100188159160714,0.884098672195986,-1.90149372322712,-0.220042500767773,1.60398814413671,7786.97324587938,0.999677343132903,"Lower Nass"
"alpha_dev[4]2",0.201143473798208,0.00956214739655879,0.882805375746672,-1.56501879515703,0.201324684506671,1.93383449064407,8523.52168527435,0.999937245634901,"Lower Nass"
"alpha_dev[5]2",-0.192846889888915,0.0103623328112271,0.876872678093277,-1.90810684568444,-0.196988868527001,1.55297478001786,7160.74162294958,1.00003578865456,"Lower Nass"
"alpha_dev[6]2",0.285435175908319,0.0107943018081809,0.90823731569943,-1.52296437291807,0.29908345585796,2.0443776729919,7079.61383150458,1.00017888051769,"Lower Nass"
"alpha_dev[7]2",-0.0665865312692022,0.00923838669003423,0.870871658349131,-1.73551942514329,-0.079672334067503,1.65353190022761,8886.19913238488,0.999935770129386,"Lower Nass"
"alpha_dev[8]2",-0.0135572390696577,0.010291654928146,0.895907919432288,-1.80700766655818,-0.00824325528766872,1.74574468347567,7578.02997437587,1.00005765520911,"Lower Nass"
"alpha_dev[9]2",-0.700301265407756,0.0102579000566712,0.888935964930504,-2.39935083267305,-0.704935424003532,1.07517463623081,7509.72490075997,0.999918655020454,"Lower Nass"
"alpha_dev[10]2",-0.0878013978481839,0.0106864028448567,0.883386974052607,-1.86890035940729,-0.0712766296037477,1.60623375897433,6833.43234057466,1.00021751120215,"Lower Nass"
"alpha_dev[11]2",-0.680059906316708,0.0107153106603266,0.886326452830799,-2.40937596326211,-0.694893244610212,1.08728704462845,6841.91838030054,0.999792594610627,"Lower Nass"
"alpha_dev[12]2",-0.393721710931368,0.00975949049762325,0.880725631137191,-2.11409943830955,-0.395739416343993,1.3362286626913,8143.7977574254,0.99978140841335,"Lower Nass"
"alpha_dev[13]2",-0.318237576657742,0.00975368211543385,0.859074925488905,-1.98119034497376,-0.325073432128127,1.36452445972114,7757.55550545532,1.00009715196808,"Lower Nass"
"alpha_dev[14]2",-0.364767740344964,0.0100884280109076,0.894762117135974,-2.09444922684533,-0.375983826199715,1.44666981110669,7866.2578525153,0.999782365181098,"Lower Nass"
"alpha_dev[15]2",0.338734754880919,0.0109586588303807,0.884082986225197,-1.45647640164088,0.356546629077037,2.00368281176291,6508.35528585833,1.0002425139808,"Lower Nass"
"alpha_dev[16]2",0.3232026150372,0.0110351306260687,0.908601995803572,-1.45949145943809,0.324258181226071,2.09909609082375,6779.41806170298,1.00012020943363,"Lower Nass"
"alpha_dev[17]2",-0.14625205246088,0.0111288842203718,0.89120060768723,-1.8914367631283,-0.156067354609306,1.63482628692432,6412.80005800619,1.00023077155834,"Lower Nass"
"alpha_dev[18]2",-0.376671984277362,0.0121406759686216,0.923621263401252,-2.13397967973228,-0.397927470625037,1.48458606402859,5787.64798984916,0.999826828714261,"Lower Nass"
"alpha_dev[19]2",0.609135519961376,0.0104020172104027,0.886203793916493,-1.13453890569749,0.6160301989578,2.3023541734148,7258.25252615685,1.00033904631485,"Lower Nass"
"alpha_dev[20]2",0.455452496111397,0.00997878595677776,0.876710234676066,-1.27563793096228,0.460591619557329,2.15624799638179,7718.92353344502,0.999762965658028,"Lower Nass"
"alpha_dev[21]2",0.359886337101099,0.0101507908491066,0.889958911400745,-1.39116227931355,0.356132032122553,2.11147745271264,7686.70392398271,0.999640418426667,"Lower Nass"
"alpha_dev[22]2",0.672067867454505,0.0105222471327829,0.89767049926708,-1.10083448779715,0.676704882431949,2.44173251742605,7278.08143087382,0.999992692832559,"Lower Nass"
"alpha_dev[23]2",0.357661349526123,0.0105775684212458,0.882734699743198,-1.36212810282784,0.35322578197006,2.12493290068507,6964.4802479637,0.999942525458784,"Lower Nass"
"alpha_dev[24]2",0.660743988449051,0.0102385333298207,0.905359421016649,-1.12136944665467,0.662726406224532,2.43195298158309,7819.27619143759,0.999620416110628,"Lower Nass"
"alpha_dev[25]2",0.818806729011214,0.00993644403829473,0.887907926947761,-0.909852983740742,0.823835731912414,2.56336459718462,7984.9809539641,1.00006768920298,"Lower Nass"
"alpha_dev[26]2",0.859831739750591,0.0102945262665405,0.899769469256893,-0.907420390656867,0.880809244469243,2.60054279951257,7639.23329754198,0.999963244326254,"Lower Nass"
"alpha_dev[27]2",0.283562592947695,0.00953835201607763,0.924426098593916,-1.51396866551443,0.286223278276013,2.08198682994279,9392.8568540567,0.999858885465374,"Lower Nass"
"alpha_dev[28]2",0.00996108721408091,0.0100401281723641,1.00185128046539,-1.96898855930338,0.0104078807696042,2.00356043540705,9956.98839795064,0.99969231469672,"Lower Nass"
"alpha_dev[29]2",-0.0108681087772654,0.00944341068929171,1.0024630163393,-1.95707522121899,-0.00791615273447854,1.97176138771818,11268.8335435974,0.999826509685188,"Lower Nass"
"alpha_dev[30]2",0.00994396558589906,0.0104427059814395,1.00200256049755,-1.95896917057096,0.00293806013125365,1.96368246124081,9206.86047615921,0.9998593990736,"Lower Nass"
"alpha_dev[31]2",-0.00763928112345751,0.0102809246395804,0.987963753120815,-1.92930990284748,-0.0157304866751686,1.90152404931294,9234.59112327404,1.00010496634749,"Lower Nass"
"alpha_dev[32]2",-0.00423549546624949,0.0100291486183456,0.998555563110377,-1.94056168704733,-0.0113786734258821,1.93877547736208,9913.25635379823,0.999679633554078,"Lower Nass"
"ln_alpha[1]3",1.42768209715759,0.0081033603656044,0.462662405664319,0.561712007114561,1.41142833364375,2.39492707511872,3259.85375914326,1.00060522799324,"Lower Skeena"
"ln_alpha[2]3",1.40029548820772,0.00777956126659694,0.443087296153634,0.580720482646696,1.37925247141472,2.31994340078319,3243.90693527412,1.0006796799651,"Lower Skeena"
"ln_alpha[3]3",1.46827394168936,0.00829234190871301,0.448227614899776,0.635189375290102,1.45097067265747,2.41939929558243,2921.74842032844,1.00058373836098,"Lower Skeena"
"ln_alpha[4]3",1.45982439467046,0.00846447242300268,0.451205398465508,0.631248850876031,1.43468433286455,2.39982188344343,2841.50736118475,1.00049780421175,"Lower Skeena"
"ln_alpha[5]3",1.42779477072626,0.00808142587385526,0.437129022948935,0.621575441432199,1.40811445106406,2.33804100154477,2925.79098134587,1.0004017011447,"Lower Skeena"
"ln_alpha[6]3",1.41483006217215,0.00789492287075836,0.438464364658628,0.611387114658702,1.40553526897049,2.34074406416798,3084.41511231392,1.00040647546171,"Lower Skeena"
"ln_alpha[7]3",1.41853185206935,0.00787708791051199,0.435992052425587,0.617082234110082,1.39919371753571,2.32699273324922,3063.55555802119,1.00038578175049,"Lower Skeena"
"ln_alpha[8]3",1.45363883130292,0.00840969376863913,0.445469066659995,0.639169304339841,1.43280063205858,2.38657111475941,2805.91648629996,1.00054093104064,"Lower Skeena"
"ln_alpha[9]3",1.43793613938366,0.00876456473856897,0.459146815501369,0.610089247538208,1.40909605692794,2.39649912097163,2744.36863103835,1.00074865369047,"Lower Skeena"
"ln_alpha[10]3",1.47288727165207,0.00905506623936006,0.463628925480693,0.64098574699476,1.4451537686518,2.45969965911786,2621.54781746035,1.00056960424156,"Lower Skeena"
"ln_alpha[11]3",1.53192736277105,0.00932477789190948,0.471983181360361,0.694034102199298,1.50059753877156,2.52669452451172,2561.98188327576,1.00037993292167,"Lower Skeena"
"ln_alpha[12]3",1.60846728737975,0.010141070057124,0.496515174571235,0.741285516530992,1.57563344112952,2.65810343002436,2397.16256033823,1.00065486466951,"Lower Skeena"
"ln_alpha[13]3",1.63635069599622,0.0104707694523134,0.511392073504052,0.747919116458743,1.5994439282025,2.69966911241415,2385.34274027742,1.00093285740681,"Lower Skeena"
"ln_alpha[14]3",1.56623346829045,0.00972009964996821,0.490390371639902,0.690915996129439,1.53861049359199,2.59087561262326,2545.32026144801,1.00062324912462,"Lower Skeena"
"ln_alpha[15]3",1.52452546313308,0.00992539522025552,0.497058273387188,0.639544387363116,1.49167781619195,2.57154281845833,2507.95070404852,1.00052909866387,"Lower Skeena"
"ln_alpha[16]3",1.40018942687234,0.00995901153640826,0.504347115294443,0.520949813959837,1.36479031356619,2.48834890100769,2564.64118002441,1.00067018819614,"Lower Skeena"
"ln_alpha[17]3",1.41833391518233,0.0106923521528564,0.526909327799203,0.485019396970709,1.38330561218769,2.54600382952927,2428.42819270768,1.00073264473568,"Lower Skeena"
"ln_alpha[18]3",1.40982192486843,0.0110706898676894,0.54178475411549,0.466167552817281,1.3676106668258,2.59402344418388,2394.99267878787,1.00060306159915,"Lower Skeena"
"ln_alpha[19]3",1.4106414461941,0.011179831232925,0.545498996050104,0.467452591553357,1.36322441500498,2.59866879823408,2380.76986098921,1.00084958195111,"Lower Skeena"
"ln_alpha[20]3",1.31199885200569,0.0106545521363113,0.533803386348599,0.374013449198698,1.26575656347796,2.49529194932819,2510.10709528804,1.00103397120448,"Lower Skeena"
"ln_alpha[21]3",1.22024355760374,0.0100372419589564,0.509688796290133,0.316197025134356,1.18163973644757,2.31681401534284,2578.58461810658,1.00079678211622,"Lower Skeena"
"ln_alpha[22]3",1.12206267024742,0.009075207383541,0.478386199672806,0.23850275868736,1.08977227412531,2.11595496514342,2778.7160476211,1.00073909869101,"Lower Skeena"
"ln_alpha[23]3",1.04521545626516,0.00913419073389873,0.476483904796498,0.175454275158523,1.01888940292047,2.02497690875574,2721.17403455587,1.00080528979684,"Lower Skeena"
"ln_alpha[24]3",0.948497743098217,0.00873950921453891,0.465442719885875,0.102221537534272,0.927151178003743,1.92500753515635,2836.34068329613,1.00069863427684,"Lower Skeena"
"ln_alpha[25]3",0.910875511924359,0.0085215668467527,0.448423402584148,0.0831720930066608,0.887318472139006,1.85610679391663,2769.09355738451,1.00069715435057,"Lower Skeena"
"ln_alpha[26]3",0.826874327309178,0.00771040512833697,0.422902623297963,0.0313388280793854,0.811249551790997,1.6962366784769,3008.33615085572,1.00026757710409,"Lower Skeena"
"ln_alpha[27]3",0.800110721346177,0.00730615630669214,0.404279697226083,0.0362955500962529,0.7815656118623,1.6547841701186,3061.86434256802,1.0005040849577,"Lower Skeena"
"ln_alpha[28]3",0.701677901967685,0.00638023163510715,0.388647186543401,-0.0240637978478867,0.689590372207624,1.49578847401138,3710.54893999694,1.00055760364269,"Lower Skeena"
"ln_alpha[29]3",0.668547407366721,0.00619151395477281,0.377656628750969,-0.0522643396833053,0.660253517168987,1.43696963225013,3720.49317130502,1.00036182712546,"Lower Skeena"
"ln_alpha[30]3",0.589387121136702,0.0060793789913795,0.370858726379272,-0.132083819406825,0.586871447000129,1.33177648532246,3721.33329223231,1.00047996001602,"Lower Skeena"
"ln_alpha[31]3",0.584417194865868,0.00577260248047404,0.3612944510431,-0.116483173784715,0.579027793365223,1.29368565445626,3917.23187432962,1.00053615676207,"Lower Skeena"
"ln_alpha[32]3",0.521782840463711,0.00548537991122788,0.367301788235675,-0.217625923392364,0.523247951489568,1.23256750356977,4483.65989536955,1.00066519570046,"Lower Skeena"
"ln_alpha[33]2",0.560446648136864,0.0050818114532741,0.351857788362669,-0.157309331532551,0.564061685277106,1.24523523249838,4793.99130191139,1.00007488980154,"Lower Skeena"
"ln_alpha[34]2",0.599023922694395,0.00507199656842932,0.35506804192167,-0.0885638349441924,0.593222662009103,1.31966400734053,4900.78068982856,0.999939189400919,"Lower Skeena"
"ln_alpha[35]2",0.70522182352823,0.00587286673522973,0.374584750411256,0.0128904868103524,0.694634742750084,1.47556634307748,4068.17750219283,0.999830535030941,"Lower Skeena"
"ln_alpha[36]2",0.721772791760595,0.00592494529953702,0.396010173144186,-0.0197032746714853,0.707443237326722,1.52938333288069,4467.288445053,0.999565413107874,"Lower Skeena"
"ln_alpha[37]2",0.771449784098277,0.00657317740375073,0.438255887370578,-0.0231594862585157,0.752139048322789,1.72508562951549,4445.33823175018,0.999688285482296,"Lower Skeena"
"ln_alpha[38]2",0.77126384925734,0.00674120725991019,0.491410717538559,-0.115571117237409,0.746959124110798,1.82986832796299,5313.90625481758,0.999669044313108,"Lower Skeena"
"ln_alpha[39]2",0.770679748108976,0.0068788266279089,0.531263075167379,-0.208411633475093,0.748284674378511,1.89877216089807,5964.72651839614,0.999593247003127,"Lower Skeena"
"ln_alpha[40]2",0.771004036098609,0.00716870418455318,0.570377698242847,-0.299999412244933,0.74553772681249,1.96727175263466,6330.58367106785,0.99967297574919,"Lower Skeena"
"ln_alpha[41]2",0.766311071506537,0.00743967920635025,0.607376631518178,-0.344278745328591,0.740788839955965,2.07501244542837,6665.11639998967,0.999852933318659,"Lower Skeena"
"beta3",0.000251445093075727,2.54739231108099e-06,0.000115434033264227,5.4955764601031e-05,0.000240093263825742,0.000501994085728871,2053.41189319569,1.00072966311211,"Lower Skeena"
"pi[1]3",0.246324236006503,0.000236833080119811,0.0240095885127198,0.201342959248667,0.245742413420664,0.294286293744542,10277.4342615148,0.999949578493374,"Lower Skeena"
"pi[2]3",0.533324055372017,0.000342759665707277,0.0291275178525408,0.475392429346224,0.533675090778777,0.589429654022101,7221.5019531242,1.00038003072278,"Lower Skeena"
"pi[3]3",0.220351708621479,0.000252056227891441,0.0229870048099068,0.176417548437355,0.219791003373753,0.266571900526774,8317.06141060879,0.999876272449028,"Lower Skeena"
"alpha_dev[1]3",-0.1315641977403,0.00835308168430791,0.966984752776787,-2.00301971101044,-0.141298431385866,1.77795251627099,13401.2650208516,0.999615030981648,"Lower Skeena"
"alpha_dev[2]3",0.291176795589266,0.00859359312327949,0.946178118872009,-1.57078082680244,0.296623521899251,2.19384854970137,12122.6125753422,0.999974146042675,"Lower Skeena"
"alpha_dev[3]3",-0.0376116356982355,0.00784620865193077,0.937622909972319,-1.86883611699217,-0.0300180669908172,1.84074594882742,14280.2797315617,0.999783188169112,"Lower Skeena"
"alpha_dev[4]3",-0.144350752606061,0.00834472812712597,0.934132905792922,-1.9602420557145,-0.147642908166483,1.68726309191405,12531.2085550863,0.999587638240455,"Lower Skeena"
"alpha_dev[5]3",-0.0578397483661337,0.00825338173035388,0.917000178955066,-1.88390882494707,-0.0640688182963169,1.7539954368528,12344.5418473367,1.0002488724499,"Lower Skeena"
"alpha_dev[6]3",0.0213495423699205,0.00807031819583352,0.908609584823882,-1.78464845259506,0.0154833540318784,1.7900422337402,12675.7396602256,0.999732301755557,"Lower Skeena"
"alpha_dev[7]3",0.152517600475752,0.00814524909591109,0.941547382249641,-1.69661568983538,0.159450950398479,1.98366893952262,13362.1277590892,0.99992932265381,"Lower Skeena"
"alpha_dev[8]3",-0.0699800217451307,0.00847567009312781,0.936647024218683,-1.90181725287179,-0.0780352744016073,1.77822504617668,12212.4789335199,0.999671558762511,"Lower Skeena"
"alpha_dev[9]3",0.15701755434275,0.0081089453526812,0.923867841566151,-1.67550712996317,0.161383411655779,1.95567983962019,12980.4860018448,0.99988125411943,"Lower Skeena"
"alpha_dev[10]3",0.258045435057646,0.00802281804702422,0.936187785616383,-1.59290001766796,0.269058185794123,2.07759208804416,13616.7058448467,0.999648298093454,"Lower Skeena"
"alpha_dev[11]3",0.325307336439504,0.00858916469589797,0.978221213462489,-1.60427116123816,0.323146730164975,2.25058856975958,12970.9651498084,0.999985543648792,"Lower Skeena"
"alpha_dev[12]3",0.0976419944547872,0.0089812740398982,0.929441219844457,-1.74967653255008,0.095461001937968,1.91613758883897,10709.469599434,0.999798549344868,"Lower Skeena"
"alpha_dev[13]3",-0.334121856746238,0.0082390233678469,0.917926179991804,-2.10821368143244,-0.34618110952723,1.51786604093676,12412.6366792767,1.00018747356121,"Lower Skeena"
"alpha_dev[14]3",-0.241276290077232,0.00765814613099365,0.92254951960558,-2.045605348154,-0.251365498202129,1.56450023788833,14512.1605929218,0.999591536811865,"Lower Skeena"
"alpha_dev[15]3",-0.599893907713328,0.00955177441752248,0.959374010489546,-2.48496649035764,-0.602396796392745,1.3023244232526,10088.0629579063,1.00002830804229,"Lower Skeena"
"alpha_dev[16]3",-0.00203714675131533,0.0095128377932895,0.976163240052081,-1.92460041653252,0.0194440125546538,1.91322216728068,10529.9113587065,0.999646429668356,"Lower Skeena"
"alpha_dev[17]3",-0.101777582975536,0.00815997403218153,0.952936044142554,-1.98183840798728,-0.0977979439252822,1.69517281003413,13637.977038888,0.99973338439622,"Lower Skeena"
"alpha_dev[18]3",-0.0653676833203376,0.00884091193261439,0.935105323185207,-1.92406112642446,-0.0680080264271687,1.74361732004258,11187.3423836462,0.999695135321555,"Lower Skeena"
"alpha_dev[19]3",-0.520109519860802,0.00778993718089455,0.917017340417797,-2.2953673645714,-0.511910683942419,1.2665345345696,13857.5733228218,0.999896049481683,"Lower Skeena"
"alpha_dev[20]3",-0.493916310760277,0.00782104708152835,0.926928294780575,-2.3318384836097,-0.492083203407588,1.32273195436117,14046.3174099941,0.999745829700952,"Lower Skeena"
"alpha_dev[21]3",-0.518733360333824,0.00767129273237541,0.955006175441375,-2.41882959551739,-0.507236156777688,1.31754234085882,15497.9854494011,0.999719805899596,"Lower Skeena"
"alpha_dev[22]3",-0.434182590167701,0.00798151751163682,0.92865431372124,-2.26624134417708,-0.433195977562905,1.37917313363682,13537.4610221431,0.999620104080646,"Lower Skeena"
"alpha_dev[23]3",-0.523866637634017,0.00800618720044346,0.953245686834361,-2.36034403871655,-0.517042251928874,1.33564138119297,14176.1472835734,0.999745786504991,"Lower Skeena"
"alpha_dev[24]3",-0.245626057542311,0.00827882927651467,0.927920437355839,-2.06089595139488,-0.240115669541774,1.54170717998445,12562.7184493754,0.999720599960384,"Lower Skeena"
"alpha_dev[25]3",-0.440160493244963,0.00872320155997072,0.937918212077866,-2.27982736444709,-0.431910159152089,1.37905881283312,11560.5400549959,1.00014781070932,"Lower Skeena"
"alpha_dev[26]3",-0.202150912923701,0.00838743726055362,0.939643681382482,-2.01706190625632,-0.203903526645114,1.64025856050019,12550.6964591281,0.999773345501761,"Lower Skeena"
"alpha_dev[27]3",-0.48992244333909,0.0087947642532987,0.947640843517832,-2.31815870122235,-0.493437808752132,1.34366160706305,11610.1848993926,0.999720749307347,"Lower Skeena"
"alpha_dev[28]3",-0.206348910216607,0.00806112091477804,0.950152764601011,-2.08274740880765,-0.199898065592703,1.65542500086808,13892.9989100714,0.999723253366286,"Lower Skeena"
"alpha_dev[29]3",-0.386038642564251,0.00834035609231795,0.949158730360454,-2.19140343090275,-0.394349805290734,1.52121260387456,12951.1551742593,0.999779173066288,"Lower Skeena"
"alpha_dev[30]3",-0.066508385995184,0.00816173563558406,0.967037989735193,-1.98599073433253,-0.059397607251986,1.7985945430404,14038.5425909166,0.999922388325197,"Lower Skeena"
"alpha_dev[31]3",-0.283288139893298,0.00866920242154531,0.955579707902934,-2.11859877087997,-0.286521935547796,1.58217915878887,12149.979642801,0.99993342698263,"Lower Skeena"
"alpha_dev[32]3",0.157090037858341,0.00902999767206257,0.973218711294848,-1.74349920104561,0.156936209167629,2.02752406460773,11615.7063310346,0.999935833398091,"Lower Skeena"
"alpha_dev[33]2",0.168128491214677,0.00830215422775839,0.950818434278162,-1.70464735260482,0.159065894174776,2.03603653111716,13116.3679837957,0.99970080547824,"Lower Skeena"
"alpha_dev[34]2",0.463474345399344,0.00954699787131557,0.983484803022593,-1.4848689483531,0.47768209636753,2.3476371457425,10612.1078630313,0.999800183352379,"Lower Skeena"
"alpha_dev[35]2",0.0795499060587091,0.0080694350030608,0.972844154371135,-1.80956381655098,0.0724893117916817,2.00217160667912,14534.506539817,0.999777037117015,"Lower Skeena"
"alpha_dev[36]2",0.221778745845953,0.00885001546638903,0.971638634952071,-1.73061171840653,0.218334609043826,2.12005729393453,12053.7308839543,0.999601637126158,"Lower Skeena"
"alpha_dev[37]2",0.00720569305826827,0.0084887267912104,1.02409680536235,-2.01212637555974,0.0161926405257787,1.98226466682198,14554.4872698662,0.999712131173748,"Lower Skeena"
"alpha_dev[38]2",-0.00398922390076822,0.0079087264086733,1.01397427785503,-2.04554711339276,0.00213074268869047,1.99778870053333,16437.6894869356,0.999632622409074,"Lower Skeena"
"alpha_dev[39]2",-0.00294408281123309,0.00804678278421301,0.99262911646589,-1.91671635028589,-0.00445334695089859,1.95305371366144,15217.014833072,0.999727844049211,"Lower Skeena"
"alpha_dev[40]2",-0.00796195434878107,0.00844371502345456,1.02880325248301,-2.00535260260919,-0.00443783826649893,1.99085935637769,14845.5920569885,0.99970313889858,"Lower Skeena"
"alpha_dev[41]2",-0.00494556690882436,0.00808533016201717,1.00422891627791,-1.98092953283718,0.00368630537901675,1.91926054398056,15426.5896459156,0.999616532503148,"Lower Skeena"
"ln_alpha[1]4",1.70396870086978,0.00813800096141945,0.41973707470509,0.849212548882708,1.71422116603932,2.51249438515704,2660.23001501528,1.00101585616589,"Middle Nass"
"ln_alpha[2]4",1.72240414077088,0.00793218614185037,0.403895409482383,0.882047569252483,1.7356020838687,2.49146434156636,2592.69864178452,1.00095738469104,"Middle Nass"
"ln_alpha[3]4",1.75270642442476,0.00807626406344902,0.410207711074415,0.905913046620286,1.76617084657486,2.53728645477949,2579.80345075297,1.00092522077889,"Middle Nass"
"ln_alpha[4]4",1.72855406078294,0.00804281238042753,0.409071898297969,0.882535141850293,1.74172397765266,2.50888893918413,2586.92249140106,1.00099678504421,"Middle Nass"
"ln_alpha[5]4",1.73504569825826,0.00812580987963275,0.406678206569379,0.878213144519921,1.7472571739879,2.50782310551838,2504.77364823411,1.00089208681986,"Middle Nass"
"ln_alpha[6]4",1.68939652502276,0.00775681732715357,0.392509444659675,0.872720004600406,1.70495973074571,2.43422196058857,2560.54902122551,1.00097604276738,"Middle Nass"
"ln_alpha[7]4",1.69729384092526,0.00800428762680775,0.400818611073427,0.871686479377266,1.70973982780977,2.46583289885884,2507.55452432165,1.00070307697714,"Middle Nass"
"ln_alpha[8]4",1.6757065404354,0.00827850249542538,0.41136084396215,0.82104888446622,1.68916840829307,2.46119723861945,2469.12076906044,1.00070587271173,"Middle Nass"
"ln_alpha[9]4",1.65954900085728,0.00824084510196098,0.410439449394273,0.81585595948127,1.67231079816789,2.43739656089398,2480.58829765517,1.00072167560944,"Middle Nass"
"ln_alpha[10]4",1.57782874978453,0.00804025033073364,0.408215386566821,0.735925020380815,1.59556854597119,2.36164817641426,2577.74289981934,1.00104338128065,"Middle Nass"
"ln_alpha[11]4",1.53895727235794,0.00777453167532641,0.39409817046932,0.724429599588457,1.55155692546702,2.29312659427228,2569.56946535181,1.00083401166179,"Middle Nass"
"ln_alpha[12]4",1.44077312782424,0.00732129458301516,0.387611111549628,0.641519645933175,1.44921458969757,2.18440954028146,2802.95853638391,1.00101828145249,"Middle Nass"
"ln_alpha[13]4",1.37702704880944,0.00738767310617522,0.390095410280944,0.577421855430104,1.38425382428266,2.13756365130352,2788.21552208994,1.00154675084685,"Middle Nass"
"ln_alpha[14]4",1.32997402418146,0.00742583230650478,0.392919946239933,0.509558881704303,1.34244130606353,2.07841835941834,2799.74112589629,1.00132831905576,"Middle Nass"
"ln_alpha[15]4",1.30157373520876,0.00725004168974389,0.385576114855447,0.493703544745849,1.31319192422053,2.04509469191912,2828.38964236723,1.00148729402081,"Middle Nass"
"ln_alpha[16]4",1.35453470814096,0.00674642714627857,0.359576888103826,0.620584456664621,1.36542173299685,2.05024855082636,2840.76866902628,1.00086961880789,"Middle Nass"
"ln_alpha[17]4",1.39960733219676,0.00647029983870917,0.34218582094287,0.703142793223721,1.40315154436123,2.05766979458853,2796.88884180246,1.00043828834827,"Middle Nass"
"ln_alpha[18]4",1.38218903712142,0.00591393449421283,0.322028804811596,0.731961369163612,1.39006810405152,2.00431707331007,2965.08003703348,1.00022047706156,"Middle Nass"
"ln_alpha[19]4",1.33179973721914,0.00562445653961079,0.312910370327179,0.697658994441645,1.33251061537468,1.94788748945466,3095.12920005516,1.00047336551033,"Middle Nass"
"ln_alpha[20]4",1.36756412739501,0.00565308399025225,0.306506909459347,0.744666494306266,1.37553736679328,1.9604766950912,2939.74501208721,1.00029991711396,"Middle Nass"
"ln_alpha[21]4",1.38260142441357,0.00584102712046365,0.310475805362763,0.747855869345349,1.38851703270766,1.98452996807966,2825.38138290384,1.00063427472343,"Middle Nass"
"ln_alpha[22]4",1.36645824501983,0.0057848333683594,0.30913352244924,0.733870464686144,1.37425095889835,1.96866085297962,2855.68629806291,1.0006265291479,"Middle Nass"
"ln_alpha[23]4",1.36287741001276,0.00567332609538468,0.306540355519101,0.744097422468025,1.36865996254085,1.95744775215889,2919.44178456263,1.00063723520239,"Middle Nass"
"ln_alpha[24]4",1.32282709454178,0.00555885725799758,0.306272041110032,0.699789018984053,1.32892333110073,1.92215941333063,3035.59382847635,1.00056288082618,"Middle Nass"
"ln_alpha[25]4",1.32138533328544,0.00573529711596031,0.315981651097051,0.68480168456911,1.32653484583373,1.93513535132167,3035.37173302492,1.00079385142375,"Middle Nass"
"ln_alpha[26]4",1.33495824419483,0.00577438851374925,0.320026590218762,0.694594425436151,1.33823089801234,1.95518103935875,3071.56794685701,1.00048957210746,"Middle Nass"
"ln_alpha[27]4",1.36269722946496,0.00590595687914663,0.333138749606035,0.70545336966935,1.3654440244817,2.00255886246056,3181.77715410066,1.00029445139329,"Middle Nass"
"ln_alpha[28]4",1.36127928315733,0.00585341141827103,0.345134881375394,0.675082041237356,1.36515172603787,2.03700426466987,3476.63907435059,1.0005064973253,"Middle Nass"
"ln_alpha[29]4",1.36238820529923,0.00594567020187429,0.373674082163545,0.610507936127073,1.36642400707335,2.0891875052183,3949.88381629197,1.00057524411654,"Middle Nass"
"ln_alpha[30]4",1.35952919134478,0.00614670811442843,0.402804539908,0.549029730789632,1.36492296038834,2.14302405021376,4294.41026723768,1.00041443528892,"Middle Nass"
"ln_alpha[31]4",1.35744311486161,0.00631012882145413,0.423491410489652,0.507636271073269,1.36247058287142,2.1936077846718,4504.1491298253,1.00031840206105,"Middle Nass"
"ln_alpha[32]4",1.35686506400148,0.00648615511923526,0.44256593583924,0.479974125342626,1.35805664645313,2.22707238615328,4655.66052088026,1.00026318618319,"Middle Nass"
"beta4",0.000370387964287332,2.32936009130022e-06,0.000113599001422133,0.000135696284290246,0.000372326000465305,0.000594229850106348,2378.35000264674,1.00156122197962,"Middle Nass"
"pi[1]4",0.420373055406081,0.000171417296353372,0.0176129047686993,0.385831130386649,0.42022562819217,0.455130315773232,10557.2958442533,1.00046159158851,"Middle Nass"
"pi[2]4",0.509794858279591,0.000175387241228374,0.0178158064165247,0.473678912879218,0.510066077443766,0.544055899538375,10318.4621737037,1.00047990515648,"Middle Nass"
"pi[3]4",0.0698320863143282,0.000167065860506609,0.00902664774219657,0.0539176437893612,0.0692788407114856,0.08891367563183,2919.29219168938,1.00067062979332,"Middle Nass"
"alpha_dev[1]4",0.116683251443199,0.00885144423771566,0.974396593578284,-1.80589041764571,0.110280238915435,2.02541057636621,12118.3429411465,0.999677540274663,"Middle Nass"
"alpha_dev[2]4",0.18305220296519,0.00955423921220741,0.945317780496691,-1.69679153862804,0.192533920430501,2.03772941073155,9789.56584849128,0.999885186032023,"Middle Nass"
"alpha_dev[3]4",-0.181998384693127,0.00884786912593037,0.935999491539725,-2.03607004058714,-0.172644741007384,1.63170795391473,11191.1275455432,0.999765498644625,"Middle Nass"
"alpha_dev[4]4",0.00945264569155086,0.00918845418948511,0.94699213741026,-1.86827274452012,0.0312737158901717,1.85035697870858,10622.0376768592,0.999633918241308,"Middle Nass"
"alpha_dev[5]4",-0.329876778188939,0.00913725185933339,0.933725377407311,-2.15718757842481,-0.322549685698208,1.52998521507585,10442.5636979123,0.999836199052727,"Middle Nass"
"alpha_dev[6]4",-0.00844964412186381,0.00936690116886518,0.935603467364502,-1.88536207963243,0.0058618895225637,1.76834337593899,9976.81155818561,0.999862554835883,"Middle Nass"
"alpha_dev[7]4",-0.198695268087025,0.00910106002390387,0.929202794809564,-2.03929690915867,-0.196703639773014,1.62722407000233,10424.0637193169,1.00011345761372,"Middle Nass"
"alpha_dev[8]4",-0.196036140515965,0.00939821857651658,0.946820387397258,-2.07291727094747,-0.17961558187385,1.64656235686766,10149.4876397892,0.99991413667584,"Middle Nass"
"alpha_dev[9]4",-0.634145725026635,0.00956664582253757,0.959529253318739,-2.47592232859531,-0.646038244915559,1.30448896795942,10059.9783906624,0.999772281482681,"Middle Nass"
"alpha_dev[10]4",-0.380219471814731,0.00863272296825898,0.937840703826508,-2.23689116250422,-0.374570168286913,1.43435157792107,11802.1885160314,0.999809691626488,"Middle Nass"
"alpha_dev[11]4",-0.749726726318024,0.0102561192686495,0.951541102520851,-2.59545673041955,-0.754606569390855,1.10950813810702,8607.73682196246,1.00020553359357,"Middle Nass"
"alpha_dev[12]4",-0.521875378503718,0.00950891411544009,0.937714751648159,-2.30464001028482,-0.508671311786048,1.31470497672318,9724.77689551264,0.999869589246862,"Middle Nass"
"alpha_dev[13]4",-0.382618251331396,0.00891327941483115,0.910597224535876,-2.19134744387658,-0.37528615922433,1.40001280203198,10437.0461158588,0.99994579073515,"Middle Nass"
"alpha_dev[14]4",-0.256521796478596,0.00895142951205139,0.935469362111122,-2.09019186892731,-0.262488327383123,1.58013877527037,10921.3001841359,0.999697596348065,"Middle Nass"
"alpha_dev[15]4",0.293474041033012,0.0111594191187914,0.95866480474364,-1.60013700487083,0.307377430359765,2.15823777197341,7379.89850890151,1.00123702932843,"Middle Nass"
"alpha_dev[16]4",0.249656421417609,0.0102221816621626,0.959481212162238,-1.6536830850127,0.253492736826346,2.107930252755,8810.19986689978,1.00086227208473,"Middle Nass"
"alpha_dev[17]4",-0.134857611703877,0.00972802248742988,0.949629092796978,-2.01216506255724,-0.128727733110017,1.73935058373017,9529.25372650481,1.00007069515751,"Middle Nass"
"alpha_dev[18]4",-0.34239600319635,0.0100394489401464,0.947597348798823,-2.20179342567846,-0.35188462913801,1.53912415247373,8908.97875734351,0.999731493217817,"Middle Nass"
"alpha_dev[19]4",0.217797958038297,0.00938879438124001,0.935460085307976,-1.64103283282199,0.227047013497468,2.04247427239428,9927.29362003476,0.999808066094769,"Middle Nass"
"alpha_dev[20]4",0.070989246330989,0.00927130416233154,0.946079941206018,-1.76755006535383,0.0876135913102706,1.90761259455456,10412.955466708,1.00077257260269,"Middle Nass"
"alpha_dev[21]4",-0.109029114311056,0.00878678582069217,0.941137310009903,-1.94654443776645,-0.100112427159351,1.74685968075992,11472.1786230652,0.999691476665703,"Middle Nass"
"alpha_dev[22]4",-0.0448839543173734,0.00872028375187556,0.929513776741228,-1.85210021250775,-0.0428267847905473,1.76680744211244,11361.8860264827,0.999742288628626,"Middle Nass"
"alpha_dev[23]4",-0.276743937195217,0.00931457528214082,0.935680429050903,-2.1155703651096,-0.278220860482983,1.57077994230977,10090.8785056154,0.999661221493799,"Middle Nass"
"alpha_dev[24]4",-0.0220059132821586,0.00866961399121652,0.918597142487978,-1.85444397999162,-0.0187576487374111,1.7447256432887,11226.6622628385,0.999772584512064,"Middle Nass"
"alpha_dev[25]4",0.0863513221470478,0.00849844027432564,0.936590005134501,-1.79553137896685,0.100415891200995,1.92035444811892,12145.6450385518,0.999724796744887,"Middle Nass"
"alpha_dev[26]4",0.179657237318679,0.00931088381164006,0.967618856978529,-1.76386931626443,0.187523147943561,2.04911671876238,10800.0765112824,0.999720748094905,"Middle Nass"
"alpha_dev[27]4",-0.00657447438159979,0.00885077538811787,0.988395508726902,-1.90865310350569,-0.00799306585256172,1.94697297818522,12470.9313224406,1.00005220761791,"Middle Nass"
"alpha_dev[28]4",0.0135747082638166,0.00841092736647056,0.994942199413876,-1.96202192201476,0.0134708494627309,1.94862256791471,13992.9066739792,0.999823026737399,"Middle Nass"
"alpha_dev[29]4",-0.0139628323984748,0.00849802289188918,0.992647722310134,-1.95140492171597,-0.00757155483385185,1.90702876804286,13644.4020353904,0.999824369850769,"Middle Nass"
"alpha_dev[30]4",-0.012112598322676,0.00903646270594552,0.9948661649775,-1.96569940855809,-0.0138514920572402,1.94115585347771,12120.8311332808,0.999925418338874,"Middle Nass"
"alpha_dev[31]4",0.000983434310030549,0.00858234034905649,1.0046947025058,-1.97412291307039,0.0120351836759035,1.96537827332204,13704.296872397,0.999891553443581,"Middle Nass"
"alpha_dev[32]4",-0.00552505483602532,0.00927151427866153,1.00397120091787,-1.94498977145357,-0.00383588457352279,1.95896819257396,11725.7644947974,0.999644071937706,"Middle Nass"
"ln_alpha[1]5",1.86505635120255,0.00521768279546606,0.348609328762245,1.17381700934174,1.86486419963969,2.55207501626842,4463.98434855622,0.99996401003031,"Middle Skeena"
"ln_alpha[2]5",1.8057486183582,0.00466662482995723,0.328046011131631,1.14766539691485,1.80450394854656,2.44815901446953,4941.55629962627,1.00036872608376,"Middle Skeena"
"ln_alpha[3]5",1.88584011425372,0.0048935590325665,0.323989295001194,1.24890678607276,1.88642888486622,2.52365972634987,4383.40560090898,1.00048862978051,"Middle Skeena"
"ln_alpha[4]5",1.89810153650156,0.00533279072542194,0.332961474073489,1.24480805940212,1.89199449327277,2.57879308231285,3898.33259441854,1.00076447539806,"Middle Skeena"
"ln_alpha[5]5",1.93493056166878,0.00578227898135603,0.341131690060808,1.28134691993417,1.9303318902652,2.63655011544413,3480.53534733113,1.0003934969735,"Middle Skeena"
"ln_alpha[6]5",1.8768761716238,0.00523586423568321,0.332410097409125,1.24707424761823,1.87215054689451,2.55364394880567,4030.61819811462,1.00057089770574,"Middle Skeena"
"ln_alpha[7]5",1.84966606141775,0.00492051661023629,0.322637466264924,1.22591478242457,1.84909420261956,2.49703476302921,4299.40336898595,1.00035573799174,"Middle Skeena"
"ln_alpha[8]5",1.86150008692101,0.00535732260515177,0.337107315181307,1.20833511969132,1.85908472190723,2.54326343125545,3959.50371551493,1.00041923738006,"Middle Skeena"
"ln_alpha[9]5",1.84195326457254,0.00589609611396572,0.353891546334451,1.1694312699764,1.83524180257364,2.56319717340069,3602.56037596777,1.00022206850253,"Middle Skeena"
"ln_alpha[10]5",1.85073454134329,0.00639064890231886,0.373097286339887,1.15217210353572,1.84006338570097,2.64078750051464,3408.42909458942,1.0001467619217,"Middle Skeena"
"ln_alpha[11]5",1.83181262829079,0.00643245841549181,0.3761738703911,1.11759146124735,1.82173137222715,2.61250737426807,3419.97771759928,1.00046493921361,"Middle Skeena"
"ln_alpha[12]5",1.86421695572208,0.00644155185403017,0.372822720578194,1.15126969059366,1.85856956586932,2.6116151365295,3349.83740895976,1.00042552154845,"Middle Skeena"
"ln_alpha[13]5",1.89837169333677,0.00678674112543976,0.384615549539485,1.16546180491964,1.88770492077441,2.69335815684026,3211.67143523132,1.00031513979623,"Middle Skeena"
"ln_alpha[14]5",1.82160320953367,0.00635447459890074,0.373557355951705,1.10714789816644,1.81146541084719,2.58886911133146,3455.85322878712,1.00026645288969,"Middle Skeena"
"ln_alpha[15]5",1.80711033185079,0.00636564297760652,0.37432203193024,1.07517925767438,1.79806771204693,2.56798894749891,3457.85059789387,1.00021795185708,"Middle Skeena"
"ln_alpha[16]5",1.70480368574417,0.00593864073238639,0.366084352108393,0.985373683528422,1.69914448609124,2.44143956431514,3800.04050802389,1.00022782214075,"Middle Skeena"
"ln_alpha[17]5",1.70705491758735,0.00656247343628172,0.383040453962665,0.969256524712672,1.69537144989105,2.50618406245171,3406.85907979282,1.00031164949331,"Middle Skeena"
"ln_alpha[18]5",1.66222357373098,0.00697684274560334,0.39874089906726,0.902009438868356,1.64824653777704,2.47587691901163,3266.35737014858,1.00037252654382,"Middle Skeena"
"ln_alpha[19]5",1.66703659050059,0.00712579666984474,0.399376675835622,0.913576896401242,1.65518191682777,2.49735642399265,3141.22137469828,1.00050902033452,"Middle Skeena"
"ln_alpha[20]5",1.55460276954508,0.00675081139200154,0.383498386807742,0.825991166505797,1.54023015859257,2.35407507478735,3227.12013951625,1.00054107228827,"Middle Skeena"
"ln_alpha[21]5",1.48017830276791,0.00652855341175082,0.375239924677867,0.765829926412014,1.46657853695995,2.27043026576295,3303.57489541735,0.999942669746402,"Middle Skeena"
"ln_alpha[22]5",1.32051455561276,0.00572295002118557,0.358742942470867,0.625158238985647,1.31814479255304,2.05561149186414,3929.40529043082,0.999979723969436,"Middle Skeena"
"ln_alpha[23]5",1.21394875248034,0.00543302601599357,0.34907513952339,0.532618119025811,1.21279405360388,1.92343499241604,4128.13861124361,0.999965304046419,"Middle Skeena"
"ln_alpha[24]5",1.10866454050326,0.00554231547972945,0.348214751408888,0.433701313238029,1.10654838259196,1.805991822084,3947.40643004864,0.999929620746956,"Middle Skeena"
"ln_alpha[25]5",1.06724615926436,0.00523626785909961,0.340919017660402,0.411041367275833,1.06324150430284,1.75599405429903,4238.95442757916,0.999949217041449,"Middle Skeena"
"ln_alpha[26]5",0.985568409917988,0.00496658759119872,0.329247163207546,0.330747817199222,0.982590871463069,1.6363098904747,4394.68635483404,0.999891228828634,"Middle Skeena"
"ln_alpha[27]5",0.965413655531804,0.0047235592948529,0.310785436307513,0.356405020235138,0.964604223837287,1.59234839982452,4328.95005781469,0.999829120880609,"Middle Skeena"
"ln_alpha[28]5",0.892177768157176,0.0042049079903111,0.298980155399278,0.290491585880212,0.894308805782436,1.4794495535577,5055.58867277887,1.00012438798081,"Middle Skeena"
"ln_alpha[29]5",0.83687707837842,0.00396969016072364,0.293378835639214,0.25670476877643,0.841176096468539,1.40425632948311,5461.90748279376,1.00008668169318,"Middle Skeena"
"ln_alpha[30]5",0.792769012870983,0.00395852000589166,0.290779125198114,0.208627659254861,0.79526156960397,1.35293608539976,5395.86111786283,1.00055405431626,"Middle Skeena"
"ln_alpha[31]5",0.78090565117224,0.00382796835279797,0.283650146822531,0.215263857487985,0.780632560742394,1.33536665938649,5490.72064138183,1.00095173057482,"Middle Skeena"
"ln_alpha[32]5",0.737958270196222,0.00396262234013042,0.292857006611749,0.130178079106724,0.746123756674267,1.28098677256204,5461.92674004404,1.00150502404523,"Middle Skeena"
"ln_alpha[33]3",0.8188811507243,0.00347823756202183,0.274812713887545,0.275686088643373,0.817544114351424,1.34902878540715,6242.45126329175,1.00116379068512,"Middle Skeena"
"ln_alpha[34]3",0.918873535417281,0.00360352898774878,0.280642543707606,0.371020659053388,0.914282636016047,1.4720375764953,6065.28169819013,1.00021404670388,"Middle Skeena"
"ln_alpha[35]3",0.9928366517814,0.00415206592084671,0.303130430892637,0.427497773811043,0.983462885886692,1.60390818441448,5330.0415386719,1.00035430777071,"Middle Skeena"
"ln_alpha[36]3",1.0249796296162,0.00458466144895897,0.33369199234345,0.399605126346066,1.01526272988559,1.71898090132568,5297.5739501595,1.00011862834809,"Middle Skeena"
"ln_alpha[37]3",1.08149536783557,0.0053580976320702,0.38195880895412,0.391922638094972,1.05938725005865,1.91166092935532,5081.73267548908,0.999736365263802,"Middle Skeena"
"ln_alpha[38]3",1.08179879847304,0.00571644129362052,0.431307762747963,0.291215416062115,1.05676792720344,2.00874399719048,5692.76234719439,0.999731798167494,"Middle Skeena"
"ln_alpha[39]3",1.08165359308409,0.00607709246939125,0.475288071124196,0.192929555245543,1.05934152088578,2.1196213546981,6116.76984345942,0.999756252110674,"Middle Skeena"
"ln_alpha[40]3",1.08040070137637,0.0063626249979897,0.514260046602079,0.118179226493657,1.05816678867907,2.17437552542533,6532.70301141005,0.999752231832494,"Middle Skeena"
"ln_alpha[41]3",1.08005215791025,0.00662998465686627,0.548469490662006,0.0560543715194392,1.0563070374626,2.24726258674062,6843.52569222152,0.999939977037295,"Middle Skeena"
"beta5",8.11608211565828e-05,4.67523397930502e-07,2.403267418156e-05,3.66451323125463e-05,8.00971508669754e-05,0.000132582617155055,2642.3935213728,1.00039886093608,"Middle Skeena"
"pi[1]5",0.224532898801938,0.000243482622014391,0.021757424713963,0.183841408557244,0.223883270499636,0.269384886296442,7985.07572404367,0.999608793873789,"Middle Skeena"
"pi[2]5",0.554218983712862,0.000318069355947385,0.0272792108252374,0.498836003451151,0.554473338964711,0.606121297665474,7355.6311870563,0.999691346622526,"Middle Skeena"
"pi[3]5",0.2212481174852,0.000205056524546127,0.0217886871300527,0.180532660006299,0.22090962673219,0.264857280035938,11290.545904933,0.999657907792058,"Middle Skeena"
"alpha_dev[1]5",-0.272830381527985,0.0089876980261151,0.974505343305822,-2.17615044624726,-0.274840998537126,1.65720743674531,11756.3228707593,0.999990884396081,"Middle Skeena"
"alpha_dev[2]5",0.370271921050341,0.00875753985513911,0.953658910604699,-1.5081513043354,0.380236382350298,2.23181482396559,11858.2853609444,1.00023254559291,"Middle Skeena"
"alpha_dev[3]5",0.0524474521652876,0.00797963958734556,0.923123398792324,-1.76634214547918,0.0466344605541278,1.86648433230457,13382.9842317816,0.999741082727347,"Middle Skeena"
"alpha_dev[4]5",0.177439061642569,0.00821812182897891,0.928294350399908,-1.62697301991681,0.174446619036901,1.97599197280061,12759.2828308884,0.999643334275302,"Middle Skeena"
"alpha_dev[5]5",-0.284458673316448,0.00799954276159317,0.917445173391346,-2.07355682650054,-0.292191187378344,1.54407519928176,13153.1542104,0.999615276353433,"Middle Skeena"
"alpha_dev[6]5",-0.143497914379778,0.00807042491342503,0.917377205428535,-1.95873720678434,-0.14134962823008,1.64266608581907,12921.2070919409,0.999799497269213,"Middle Skeena"
"alpha_dev[7]5",0.0392294126119377,0.00855526455885891,0.932909142587511,-1.84453735466769,0.0439639960262443,1.87120474107384,11890.8201509732,0.999789458064037,"Middle Skeena"
"alpha_dev[8]5",-0.122703141314755,0.00815201792812305,0.925230761074214,-1.93063757109027,-0.125680618481604,1.65452437877008,12881.6019299295,0.999726808227095,"Middle Skeena"
"alpha_dev[9]5",0.0176318327875511,0.00809361494016594,0.928396474823501,-1.80044806095382,0.0112554449676497,1.82894007622951,13157.7578080259,0.9996783398136,"Middle Skeena"
"alpha_dev[10]5",-0.107591159327738,0.00761112670585077,0.89976077638718,-1.90154681682712,-0.10015367136403,1.6600984570273,13975.1413744007,0.999662141212498,"Middle Skeena"
"alpha_dev[11]5",0.137151756173416,0.00875149768600475,0.931877845600393,-1.6866162594106,0.146593981206503,1.96743437227168,11338.4374707392,0.999780886737328,"Middle Skeena"
"alpha_dev[12]5",0.136019501706909,0.00837823787848216,0.915572945400882,-1.68130245695098,0.153353623378233,1.90544304680225,11942.0951839623,0.999697738784214,"Middle Skeena"
"alpha_dev[13]5",-0.402805072464899,0.00794350018494541,0.909822953146275,-2.1803889937376,-0.390433291899865,1.39243147313802,13118.6745504837,1.00003175581704,"Middle Skeena"
"alpha_dev[14]5",-0.118620252428213,0.00859169268625062,0.931310856555433,-1.93760432284821,-0.117466882452226,1.67151840324517,11749.8375549244,0.999598064847153,"Middle Skeena"
"alpha_dev[15]5",-0.547495952851777,0.00832414654056685,0.925777514046365,-2.3454794487821,-0.555572863764689,1.26786936662777,12368.9781444912,0.999652163072192,"Middle Skeena"
"alpha_dev[16]5",-0.0596593310649135,0.00911048217249886,0.923261934833673,-1.88590333349003,-0.0711497623335203,1.72310287256091,10269.921773081,0.999857432642069,"Middle Skeena"
"alpha_dev[17]5",-0.287206023760087,0.00867353481743424,0.930957753196801,-2.12462067006263,-0.281137452662769,1.56725131077505,11520.4035942192,0.999646281743706,"Middle Skeena"
"alpha_dev[18]5",-0.0449899929791308,0.00879895628178487,0.936467941587597,-1.88628479718208,-0.0386457230001469,1.75071579604823,11327.2245359006,0.999546493186935,"Middle Skeena"
"alpha_dev[19]5",-0.621092232010927,0.00811741215394244,0.903392549819321,-2.3733934147142,-0.623096003652915,1.16816488992747,12385.6217989956,0.999830993450247,"Middle Skeena"
"alpha_dev[20]5",-0.45571168926548,0.00850438473603466,0.911382738211917,-2.24181731571818,-0.464045951169366,1.32251421573604,11484.5980191775,1.00030615915478,"Middle Skeena"
"alpha_dev[21]5",-0.856146163929743,0.00815353299076167,0.925032257427351,-2.6762177339046,-0.859668320075,0.982483180293191,12871.2904207759,1.00018457358607,"Middle Skeena"
"alpha_dev[22]5",-0.619648245422535,0.0075982247941493,0.918636300083775,-2.44852050218608,-0.618463854565566,1.15595920805683,14617.1575902978,0.999568727724967,"Middle Skeena"
"alpha_dev[23]5",-0.599954204666844,0.00799814829608644,0.902523011501544,-2.38327562354939,-0.590562004477894,1.15113825686596,12733.2030090565,0.999967453159239,"Middle Skeena"
"alpha_dev[24]5",-0.282473433227569,0.00832928171460349,0.909205848196446,-2.07492654543313,-0.276588390012144,1.47456749215988,11915.4195515449,0.999792100214996,"Middle Skeena"
"alpha_dev[25]5",-0.459834938764465,0.00839816394278051,0.91649130597958,-2.26137056158343,-0.468788712244402,1.31830419982466,11909.3484510755,0.999570645137328,"Middle Skeena"
"alpha_dev[26]5",-0.161777213886319,0.00806087866939147,0.951758737526086,-2.04465417398692,-0.14693976854125,1.71296535384437,13940.8410790301,0.999599584435572,"Middle Skeena"
"alpha_dev[27]5",-0.400385191600657,0.00790755549292369,0.928479227307649,-2.21475015934409,-0.405176130146764,1.42230933746704,13786.6860794472,0.999640314741851,"Middle Skeena"
"alpha_dev[28]5",-0.304148055864669,0.00788812251778907,0.918462848003293,-2.09852277231982,-0.314072110411644,1.4680934483186,13557.383855344,0.999784882375323,"Middle Skeena"
"alpha_dev[29]5",-0.248173231170417,0.00777002671843543,0.91679185606828,-2.04412071198543,-0.252711047448502,1.55833569108465,13921.8345803333,0.999884724703062,"Middle Skeena"
"alpha_dev[30]5",-0.0718199558545734,0.00892108477414981,0.944410656821448,-1.95866364508724,-0.0563797366700582,1.77708409702672,11206.9239651646,1.00025646092543,"Middle Skeena"
"alpha_dev[31]5",-0.203637325080952,0.0086960114059362,0.952040514300661,-2.04013053321095,-0.22431702716008,1.71443247037577,11985.9002521329,0.999608187327283,"Middle Skeena"
"alpha_dev[32]5",0.389077044270401,0.00926984645896086,0.940017442199046,-1.40647945388133,0.370227287944807,2.22095488802926,10283.1635377417,0.999865862761362,"Middle Skeena"
"alpha_dev[33]3",0.491782869121195,0.00870034543890562,0.945027193443884,-1.39504713694623,0.487665115587033,2.33872651164043,11798.1963306337,1.00027589599389,"Middle Skeena"
"alpha_dev[34]3",0.370750879009236,0.00880743255586839,0.958935379298406,-1.55255032425033,0.378731149819102,2.23919143159736,11854.4123934395,0.999599432426335,"Middle Skeena"
"alpha_dev[35]3",0.169195299442115,0.00857990288822308,0.964692734287878,-1.74840502110041,0.167286633174323,2.08026440445111,12641.926777959,0.999836192087765,"Middle Skeena"
"alpha_dev[36]3",0.269524669282246,0.00860871248872489,0.987529269365979,-1.67152595989274,0.274747131523598,2.17855615879435,13159.0199648708,0.999812973440148,"Middle Skeena"
"alpha_dev[37]3",-0.00277258886198164,0.00756434102063062,0.989613814596723,-1.94763053252821,0.00470081725948921,1.94289567948186,17115.4884965408,0.999812339111574,"Middle Skeena"
"alpha_dev[38]3",-0.00621156269725047,0.00848548932615662,1.01471991559091,-2.00713074589371,0.00232474714124925,2.01155303913258,14300.0838973471,1.00016995285885,"Middle Skeena"
"alpha_dev[39]3",-0.00476374044040263,0.00813053092736693,1.00266658730951,-1.97941807857301,-0.000804139529116446,1.9562426395188,15208.1109891417,0.999746347685372,"Middle Skeena"
"alpha_dev[40]3",-0.00746017200734461,0.00769626830536138,0.997959346124044,-2.00384528640518,-0.0144044382588467,1.97443402171768,16813.777672269,1.0000334711828,"Middle Skeena"
"alpha_dev[41]3",-0.00567939350608799,0.00775927554522346,1.01617639479061,-2.02142645418441,-0.00972886407677747,2.02622307574216,17151.2530737861,0.999648890735786,"Middle Skeena"
"ln_alpha[1]6",1.64617721146874,0.00664506135253263,0.37322234304679,0.896995557018284,1.65232976983652,2.36976329847881,3154.54901559997,1.00239755504123,"Upper Nass"
"ln_alpha[2]6",1.66467706532172,0.00648765685935597,0.362288336925018,0.925963126465244,1.67249098162003,2.35573203685514,3118.40819728315,1.00226929036281,"Upper Nass"
"ln_alpha[3]6",1.68981436322571,0.00676980712498422,0.37096282750981,0.937104647777934,1.69798675360706,2.39748794477102,3002.67408016832,1.00233966621853,"Upper Nass"
"ln_alpha[4]6",1.66521110360488,0.00664147861967853,0.365935848109085,0.919433501139039,1.67175924723795,2.36547109326231,3035.85031677965,1.00198107238905,"Upper Nass"
"ln_alpha[5]6",1.67351157833422,0.00665862387876822,0.367041375358985,0.927588939048022,1.68157687561629,2.38161160106584,3038.51286453283,1.00188768712135,"Upper Nass"
"ln_alpha[6]6",1.62644380659066,0.00614697710791128,0.350942298680465,0.911169870266066,1.63546480128672,2.29166049534096,3259.47940482078,1.00175971994993,"Upper Nass"
"ln_alpha[7]6",1.62401782427611,0.00623062082877991,0.355762103719047,0.896613245148798,1.62864099986101,2.31462838498441,3260.29369352482,1.00225579791709,"Upper Nass"
"ln_alpha[8]6",1.60781205001753,0.00629609927610787,0.361175998574188,0.876410595435715,1.60855610536806,2.32071735925323,3290.74802842948,1.00180781278052,"Upper Nass"
"ln_alpha[9]6",1.59077823788121,0.00618981575529764,0.358524408336313,0.867878258999421,1.5936948108123,2.29654165906256,3354.91878502921,1.0019713748256,"Upper Nass"
"ln_alpha[10]6",1.53405920708611,0.00585400439093639,0.35413155830831,0.831867408210762,1.53854335861758,2.23049452203588,3659.51198026962,1.00153108091391,"Upper Nass"
"ln_alpha[11]6",1.51130635726801,0.00552723202534661,0.341806723773759,0.824608679391537,1.51943448367142,2.18834617282584,3824.24591215491,1.00162015117385,"Upper Nass"
"ln_alpha[12]6",1.43905138105744,0.0049988813495428,0.325268136974752,0.790465536830471,1.44354038365323,2.07588152306908,4233.8687129827,1.001081954053,"Upper Nass"
"ln_alpha[13]6",1.38321578942557,0.0046847128810484,0.321743229452213,0.746565175312196,1.38703279851179,2.02723093181125,4716.85880008568,1.00083494659695,"Upper Nass"
"ln_alpha[14]6",1.3326652791301,0.00467400723110891,0.320099462536506,0.699280857435234,1.33269152962112,1.94929395984497,4690.19749065793,1.00066253922094,"Upper Nass"
"ln_alpha[15]6",1.28504510207114,0.0044419042801631,0.316151293086927,0.665736380999029,1.28782768364479,1.91448011217661,5065.8407568079,1.00081620562411,"Upper Nass"
"ln_alpha[16]6",1.30393127850667,0.00434645484291917,0.30875284122281,0.699578493590665,1.30299281653926,1.90196595698025,5046.05037401269,1.0012630379667,"Upper Nass"
"ln_alpha[17]6",1.31590222488637,0.00448994279323129,0.296569237549992,0.73221578524893,1.31492946488964,1.89747312772245,4362.85305715462,1.00096827349867,"Upper Nass"
"ln_alpha[18]6",1.27984398447351,0.00415408038708558,0.27823924446078,0.725892737605377,1.28234505239554,1.82141455752049,4486.28622169959,1.00066380872291,"Upper Nass"
"ln_alpha[19]6",1.21413513846881,0.00366967008462813,0.268367095466553,0.675152030291524,1.21842230644448,1.72644494385316,5348.16119660615,1.00042423266329,"Upper Nass"
"ln_alpha[20]6",1.23794393709391,0.00369098338619163,0.262140690215157,0.718271347779239,1.2377227403721,1.74843997534328,5044.11171350055,1.00033328594182,"Upper Nass"
"ln_alpha[21]6",1.24300286436271,0.0037481300937394,0.262805267120242,0.717082523251107,1.2447621419216,1.75163437781957,4916.30499251002,1.00073179538795,"Upper Nass"
"ln_alpha[22]6",1.23122501999748,0.00361580783912692,0.263088673477368,0.70373078511932,1.2331216938936,1.74827854368814,5294.11801712744,1.00074422663789,"Upper Nass"
"ln_alpha[23]6",1.24141963430565,0.00370688885518239,0.257755371015349,0.729464488919365,1.24375252732142,1.75051637341434,4834.99821602498,1.00088150011625,"Upper Nass"
"ln_alpha[24]6",1.22278815278058,0.0034595441611654,0.253013212764555,0.710907594501878,1.22571936877396,1.71519722092758,5348.70499368506,1.00059242056867,"Upper Nass"
"ln_alpha[25]6",1.20730653425054,0.0034722634646924,0.255643629574537,0.694211287492407,1.21061434339111,1.71389343538956,5420.56564823584,1.00038683352187,"Upper Nass"
"ln_alpha[26]6",1.20146390169951,0.00345472391283523,0.258973497746473,0.689319243146268,1.20294192965314,1.71541040502587,5619.32243907199,1.00027366285822,"Upper Nass"
"ln_alpha[27]6",1.21073187133378,0.00361222027595352,0.266225579319767,0.685778136644648,1.21004612847331,1.75083407850289,5431.8917864525,1.00061841620684,"Upper Nass"
"ln_alpha[28]6",1.20300246386124,0.00358523064999632,0.284379784005357,0.650324328424804,1.19924099343559,1.772490548917,6291.63093282844,1.00045830362085,"Upper Nass"
"ln_alpha[29]6",1.20380505779468,0.00376016993143058,0.306898599659706,0.597702177631221,1.20174127467756,1.8242520982649,6661.54351505681,1.00022784985254,"Upper Nass"
"ln_alpha[30]6",1.20404769090718,0.00397800280710835,0.334838980130296,0.541577903031131,1.20206098749415,1.86748476096337,7085.03255980422,1.00005312495707,"Upper Nass"
"ln_alpha[31]6",1.2048250686436,0.00415934267909582,0.355474215112711,0.515760876614339,1.20236974873973,1.91590744411187,7304.10155831627,0.999999035449531,"Upper Nass"
"ln_alpha[32]6",1.20559180251888,0.00432293932750309,0.372729463860289,0.489518539256688,1.20011329683794,1.96717957292886,7434.11318089142,0.999953146513062,"Upper Nass"
"beta6",7.15882308069057e-05,3.24710518080031e-07,1.93729644131746e-05,3.22574050476564e-05,7.20061509612149e-05,0.000108796835904019,3559.58565737639,1.00184817913919,"Upper Nass"
"pi[1]6",0.420440476249892,0.000161935209428336,0.0179699575252333,0.385320983640951,0.420505710703181,0.455876232548213,12314.3509529326,0.999796251997919,"Upper Nass"
"pi[2]6",0.510069180865601,0.00016927895976086,0.017936469503166,0.47389779191446,0.510369656942074,0.544770418694082,11227.1096378128,1.00028339037373,"Upper Nass"
"pi[3]6",0.0694903428845068,0.000181773973506924,0.00891923547273309,0.0536267019789759,0.0690895761447354,0.0885663131021098,2407.64170607026,1.00224864576417,"Upper Nass"
"alpha_dev[1]6",0.131155066152044,0.0090082183778115,0.978820147686888,-1.80130599111971,0.135032122386212,2.05271311287825,11806.6853291423,1.00020561086642,"Upper Nass"
"alpha_dev[2]6",0.17072592582337,0.00842159927412134,0.977140360077,-1.75115991089762,0.175647235081325,2.10018852417808,13462.470317548,0.999903603703463,"Upper Nass"
"alpha_dev[3]6",-0.205851302009014,0.00780223148995135,0.929072362110265,-2.01315760810538,-0.212470808387436,1.60200049154324,14179.5163845442,0.999648883471088,"Upper Nass"
"alpha_dev[4]6",0.0222560274028377,0.00850001552354483,0.944920379504054,-1.86877166294956,0.0336765723897725,1.84270436950523,12358.0797549982,0.999884731136252,"Upper Nass"
"alpha_dev[5]6",-0.394545543675924,0.00892198769080601,0.924960909969754,-2.2028532003986,-0.399447150106387,1.38816957953248,10747.8975763396,0.999853838238432,"Upper Nass"
"alpha_dev[6]6",-0.0821366544087389,0.00830818727411287,0.930521939957907,-1.92646658441267,-0.0641284123700502,1.74039730695371,12544.133870429,1.00049897732578,"Upper Nass"
"alpha_dev[7]6",-0.201540392229244,0.0082361425057569,0.955101704581372,-2.08365337319731,-0.213147675321735,1.67058289731927,13447.8091044859,0.999609692497285,"Upper Nass"
"alpha_dev[8]6",-0.195164591088875,0.00813596067077341,0.946663784919799,-2.05219792959088,-0.188636604816602,1.67296992668845,13538.6027547067,0.999754619217741,"Upper Nass"
"alpha_dev[9]6",-0.517832724663894,0.00792431518008227,0.911403876296616,-2.31468270284996,-0.512726856663373,1.24569408761719,13228.1241181548,0.999733805466958,"Upper Nass"
"alpha_dev[10]6",-0.269285150198432,0.00836517817130794,0.932755861322819,-2.09997483098202,-0.273300659994054,1.58722032486701,12433.276231776,0.999639693100812,"Upper Nass"
"alpha_dev[11]6",-0.647052779636059,0.00848707737356547,0.932217542854482,-2.48960377811859,-0.650710271031264,1.14098996733186,12064.7470198058,0.999595327775255,"Upper Nass"
"alpha_dev[12]6",-0.523975223731359,0.0078069000738211,0.910323066902589,-2.35195734245728,-0.508850892719586,1.21958698496151,13596.7106047682,0.999970759275991,"Upper Nass"
"alpha_dev[13]6",-0.473827206420997,0.00861482457032686,0.927994667975335,-2.27641139989829,-0.469321209972715,1.32713302067823,11603.7425783757,1.00021163330273,"Upper Nass"
"alpha_dev[14]6",-0.43718730534221,0.00889448472607344,0.933664391297409,-2.24972649859247,-0.436531800052969,1.38918568255351,11018.9447149705,1.00000126129232,"Upper Nass"
"alpha_dev[15]6",0.077223873210824,0.00931417805318961,0.954601988429447,-1.8095166857239,0.0757324987636056,1.9522975175868,10504.0213960814,0.999630763491141,"Upper Nass"
"alpha_dev[16]6",0.0469670893794488,0.00846205406307172,0.934241603742086,-1.78103605642121,0.0386788762778537,1.89000127418016,12188.9645942305,0.999968396914025,"Upper Nass"
"alpha_dev[17]6",-0.32479052029513,0.00861826316104014,0.944140480903955,-2.20402774186343,-0.33957460645789,1.57410436112756,12001.4504141313,0.999937320745324,"Upper Nass"
"alpha_dev[18]6",-0.531899149498665,0.00884830038146086,0.941193778269477,-2.33539625575968,-0.534026458741983,1.30512937488704,11314.5785035139,0.999640520266315,"Upper Nass"
"alpha_dev[19]6",0.132037408208669,0.00895892771230764,0.932966530265934,-1.70553102160368,0.13803721058316,1.93309903801523,10844.7629411419,0.999712235072909,"Upper Nass"
"alpha_dev[20]6",0.00654570356997049,0.00841838329258378,0.921356398721355,-1.81707478788879,0.0201199973210193,1.78633024211856,11978.3754556679,0.999760944014756,"Upper Nass"
"alpha_dev[21]6",-0.104572565649753,0.0076374479853061,0.945285157600479,-1.94474487168805,-0.108216675032063,1.77990072077266,15318.9552227327,0.999724647758916,"Upper Nass"
"alpha_dev[22]6",0.0634196570905176,0.00827212890016938,0.925218936629924,-1.77403127667764,0.0788723999511146,1.83815988474424,12509.9173259501,0.999731448183394,"Upper Nass"
"alpha_dev[23]6",-0.152286543357793,0.00780672318298849,0.914270622036955,-1.95004881271281,-0.156234211964932,1.62466679007162,13715.5102720441,0.99984791697772,"Upper Nass"
"alpha_dev[24]6",-0.139689151812694,0.00843274217815019,0.930757836386004,-1.95367739429123,-0.141601631014244,1.6824745324662,12182.4814249744,0.999609872846866,"Upper Nass"
"alpha_dev[25]6",-0.054505407265052,0.00818461556452628,0.946278480012466,-1.90463078840525,-0.0439730517733227,1.79557855133819,13367.2280336846,0.999815129185974,"Upper Nass"
"alpha_dev[26]6",0.066808523644604,0.00816101655992719,0.960275771414758,-1.78817452155981,0.0565881967566828,1.98737023922397,13845.3336036888,0.999991566139975,"Upper Nass"
"alpha_dev[27]6",-0.0595565117081036,0.00816861912471165,0.975315050395171,-1.98742396162431,-0.062987438100523,1.84592115496535,14255.8316591472,0.999867536445033,"Upper Nass"
"alpha_dev[28]6",-0.00585810121593038,0.00826173976932034,1.00814727377742,-1.97596625431277,-0.00949131017815615,1.95817412430165,14890.3510769206,0.999756617458817,"Upper Nass"
"alpha_dev[29]6",0.000572374770383996,0.00831162408876316,1.00093079582897,-1.99797503660173,0.0113292579963349,1.94601697632425,14502.2810304266,0.999699621701514,"Upper Nass"
"alpha_dev[30]6",0.00321815316382744,0.00803936083849681,0.989211294962777,-1.94153746499143,-0.00327765857615874,1.94596274207034,15140.3212147131,0.99967839235557,"Upper Nass"
"alpha_dev[31]6",0.00441915128198963,0.00846213837842085,1.01519790093204,-1.98747555018198,0.00251216380957355,2.00775596114252,14392.6636551022,0.999929898668485,"Upper Nass"
"alpha_dev[32]6",-0.00526647071581946,0.00818526385835586,0.999859637306715,-1.99526440656045,-0.000786614180739082,1.95040607495901,14921.5076656791,1.00010043351575,"Upper Nass"
"ln_alpha[1]7",1.91845282529893,0.00486037843294207,0.355737414896255,1.20299378759857,1.9232509909079,2.60771549324447,5356.96636247826,1.00071624737621,"Upper Skeena"
"ln_alpha[2]7",1.9156685399174,0.00432178307250139,0.331070477151322,1.25440810315819,1.92427455730592,2.54821399576894,5868.33612426766,1.00060822623354,"Upper Skeena"
"ln_alpha[3]7",2.08801592709156,0.00467124094716473,0.32321527771934,1.45928587719229,2.08407820242875,2.73204274388525,4787.61504625898,1.00031620201279,"Upper Skeena"
"ln_alpha[4]7",2.07786555025682,0.0048598729729689,0.33018405464168,1.43641018076947,2.07622472736197,2.74841463568349,4615.96340360589,1.00073637012038,"Upper Skeena"
"ln_alpha[5]7",2.17546078377753,0.00544080639064101,0.345430192380255,1.4976522961701,2.17377156785782,2.86066124860168,4030.82594255913,1.00022782647072,"Upper Skeena"
"ln_alpha[6]7",2.17783073832722,0.00538549340172644,0.349039140059076,1.48357104234445,2.17774674437662,2.86172747206462,4200.46396879125,1.00028937183701,"Upper Skeena"
"ln_alpha[7]7",2.21201956333678,0.00559638091796841,0.357299264825391,1.51487841698287,2.20995720852798,2.91640938455957,4076.14581008521,1.0006584887196,"Upper Skeena"
"ln_alpha[8]7",2.27467688078807,0.00674992914239428,0.391424115982066,1.52344914685103,2.27525485696633,3.05483527250955,3362.76664588126,1.00085691396526,"Upper Skeena"
"ln_alpha[9]7",2.19217415480505,0.00705032375120459,0.418233561980032,1.39506787144022,2.19106986722864,3.03905659999305,3519.00303061079,1.00149711016448,"Upper Skeena"
"ln_alpha[10]7",2.11718042732285,0.00745240414411085,0.446580643432674,1.27232664210469,2.10685197798762,3.0351988377316,3590.93044332691,1.00171440916507,"Upper Skeena"
"ln_alpha[11]7",2.03532691266143,0.00764971456946807,0.460811125116628,1.15722588812075,2.02024460115316,2.9813607646151,3628.73663539164,1.00159092345716,"Upper Skeena"
"ln_alpha[12]7",2.03237131202714,0.00804665008699694,0.472798997231176,1.13857390064215,2.01765738068677,3.00540789873528,3452.41393696488,1.00188185338826,"Upper Skeena"
"ln_alpha[13]7",2.08202020041171,0.0087128792628976,0.490085651814048,1.1681797206053,2.06261395360147,3.07799451528068,3163.88423119609,1.00130132998358,"Upper Skeena"
"ln_alpha[14]7",1.93728714056312,0.00809612615689039,0.472069035744819,1.05386089279556,1.91997833027288,2.90585453689494,3399.82447419854,1.00139407998246,"Upper Skeena"
"ln_alpha[15]7",1.91011466160193,0.00760569687997177,0.437386076966764,1.08368831306764,1.89579543791102,2.78538938201015,3307.13468979601,1.00152370168998,"Upper Skeena"
"ln_alpha[16]7",1.76207816793379,0.0066983665368775,0.414307525856276,0.946934631311863,1.75648866612926,2.61116341981475,3825.672837005,1.00104114050633,"Upper Skeena"
"ln_alpha[17]7",1.70942785304171,0.00697049896860033,0.427446910550122,0.88664735195928,1.70281830623451,2.57991834110626,3760.42239490804,1.00140547797017,"Upper Skeena"
"ln_alpha[18]7",1.66993573914074,0.00743202487744758,0.447545953153664,0.815026097546805,1.65932104077218,2.57000211283365,3626.27686690127,1.00140829927577,"Upper Skeena"
"ln_alpha[19]7",1.68525207302407,0.00759363181358551,0.439944464851522,0.854147364598854,1.67347511337385,2.57453005083637,3356.57722880979,1.00106384613677,"Upper Skeena"
"ln_alpha[20]7",1.58338892135718,0.00759831597625611,0.437012898041901,0.774268663826651,1.56539917234883,2.47791180636711,3307.91095572988,1.00113566774994,"Upper Skeena"
"ln_alpha[21]7",1.49867183435119,0.00749355420889025,0.426634298390931,0.709433779650552,1.48688583822461,2.36867449002285,3241.42387566454,1.00106873076359,"Upper Skeena"
"ln_alpha[22]7",1.23746935337105,0.00612287401915032,0.387404784323394,0.474015055898823,1.23216121251513,2.01727192003381,4003.3108367286,1.00102902653462,"Upper Skeena"
"ln_alpha[23]7",1.06568963203272,0.00560763184309712,0.374238436244006,0.328424931861263,1.06560135256466,1.80538977959271,4453.87262968985,1.00133285014844,"Upper Skeena"
"ln_alpha[24]7",0.974179441281541,0.00543393206406306,0.368626171953687,0.235596987435324,0.973073125310567,1.69500742667961,4601.9714877219,1.00152585669254,"Upper Skeena"
"ln_alpha[25]7",0.836247932631577,0.00555494145630866,0.375074418780014,0.0966015034172314,0.839199046224053,1.58574106241645,4559.06639901225,1.0016402130844,"Upper Skeena"
"ln_alpha[26]7",0.851466600142024,0.00522140073458755,0.359172981321988,0.143433041868769,0.85365174939115,1.56880162834101,4731.87504046949,1.00170770072152,"Upper Skeena"
"ln_alpha[27]7",0.835515501346473,0.00479842146834607,0.33897560309577,0.158903936829555,0.834622211915987,1.51017211984026,4990.45451072382,1.00163228734631,"Upper Skeena"
"ln_alpha[28]7",0.887096155250015,0.00433224633478074,0.312618910431748,0.276516278863106,0.887420948279263,1.51292329480117,5207.19934957476,1.0011280152162,"Upper Skeena"
"ln_alpha[29]7",0.895097114056606,0.00404587713727904,0.298995081741015,0.304525476315097,0.89185814618987,1.49497951170254,5461.38393636585,1.0010451210852,"Upper Skeena"
"ln_alpha[30]7",0.847854908300609,0.00378807544131844,0.293915690005246,0.262139118152093,0.85097876001215,1.42497164868947,6020.16371462507,1.00104321500035,"Upper Skeena"
"ln_alpha[31]7",0.87985434783514,0.00348217616900323,0.285183360885657,0.304958747219716,0.880446182258433,1.43861850363886,6707.2869665672,1.0005781483426,"Upper Skeena"
"ln_alpha[32]7",0.862554467283518,0.00346649493237785,0.291045233971622,0.268744074115509,0.867754902941499,1.41642750424733,7049.20019290584,1.00114292509459,"Upper Skeena"
"ln_alpha[33]4",0.972426598580309,0.00333677218572484,0.286684181986855,0.392716331133786,0.975045287336977,1.52506747344232,7381.66528733034,1.00035212034352,"Upper Skeena"
"ln_alpha[34]4",1.13701384583356,0.00372290567165027,0.292729426407098,0.576799391289677,1.13162430102841,1.71460648952124,6182.56510685848,1.00018678983523,"Upper Skeena"
"ln_alpha[35]4",1.2732477753902,0.00462281201893821,0.328524579927618,0.660081786157613,1.26517862751619,1.94762809523405,5050.37085219039,0.999958749001485,"Upper Skeena"
"ln_alpha[36]4",1.3251265976857,0.00525251986667017,0.368325265726536,0.645777657184894,1.31097614606868,2.0899249370819,4917.31029487859,1.00000836003804,"Upper Skeena"
"ln_alpha[37]4",1.36138065364067,0.00591760297339238,0.4208927678194,0.600152630656735,1.33826201727293,2.24182895241369,5058.84390259202,1.0002667990861,"Upper Skeena"
"ln_alpha[38]4",1.36422345227171,0.00622329524948483,0.48715303949711,0.489873271412091,1.33336678324193,2.4127467559433,6127.59456221028,1.00013385956201,"Upper Skeena"
"ln_alpha[39]4",1.36452466270296,0.00642049621894422,0.545091390023874,0.375241336908668,1.33497230124156,2.55139945011232,7207.77888635625,0.999907598766412,"Upper Skeena"
"ln_alpha[40]4",1.36302499715361,0.00678402011343339,0.597291927007899,0.269168456887408,1.32687163759676,2.64888466046329,7751.73711451744,0.999816004997268,"Upper Skeena"
"ln_alpha[41]4",1.36203814573222,0.00728231924024526,0.637431666994438,0.180789349947484,1.32769085482217,2.73858123906907,7661.74763623889,0.999926043271137,"Upper Skeena"
"beta7",0.000199946216575799,1.1924909322786e-06,6.38424438850799e-05,8.42219080029812e-05,0.000196188744708466,0.000334216693070752,2866.21547300775,1.00206415498303,"Upper Skeena"
"pi[1]7",0.238082280926404,0.000240592032931279,0.0234266133639273,0.194910500306193,0.237615586298957,0.284915610796515,9481.05216865311,0.999823941545263,"Upper Skeena"
"pi[2]7",0.506692139063977,0.000325362165157821,0.0284331062132658,0.450378800598147,0.507239815958184,0.561714230296614,7636.85449050732,1.00001166976297,"Upper Skeena"
"pi[3]7",0.25522558000962,0.00022824581476452,0.0245370893256844,0.209170918870658,0.254987398719985,0.304881987684047,11556.8756991409,0.999711512866944,"Upper Skeena"
"alpha_dev[1]7",0.000731745391302793,0.00883508641234847,0.947473038827425,-1.84248015834192,0.0145489828138398,1.83136103974535,11500.3780780119,0.99980432022785,"Upper Skeena"
"alpha_dev[2]7",0.692490406057838,0.0105300928097337,0.933789137406128,-1.169323958499,0.704389685367745,2.49253493125758,7863.81408043528,0.999677106674937,"Upper Skeena"
"alpha_dev[3]7",-0.0159795378371924,0.00832046883419562,0.925003946681127,-1.82104306810701,-0.0152285210235108,1.81120394054984,12359.2345731134,1.00007760062139,"Upper Skeena"
"alpha_dev[4]7",0.394981824864935,0.00862536503441024,0.911200175287293,-1.40561156742539,0.395500463352333,2.1532310601813,11160.2165436658,0.999880192098279,"Upper Skeena"
"alpha_dev[5]7",0.0209914685664866,0.00849778207526424,0.904792987226824,-1.7901875391676,0.0305318244050576,1.80912096643633,11336.7161478368,0.999773584482213,"Upper Skeena"
"alpha_dev[6]7",0.138505855869411,0.00808114417958902,0.888197415177985,-1.61027728445411,0.134004289741167,1.89204298670132,12080.1770466631,0.999816290723688,"Upper Skeena"
"alpha_dev[7]7",0.235311352643773,0.00885249067542801,0.897053468351471,-1.53317841447535,0.245018809349282,1.99275726670459,10268.4691676003,0.99995575450081,"Upper Skeena"
"alpha_dev[8]7",-0.354469906019112,0.00862321628359327,0.894035614721777,-2.12778726004481,-0.340813731782166,1.40115648473136,10749.0747070878,1.00036003536416,"Upper Skeena"
"alpha_dev[9]7",-0.347449119006099,0.00835942063982781,0.898688973680818,-2.11041781111407,-0.361335088668536,1.43675485649571,11557.5682872467,0.999716542233041,"Upper Skeena"
"alpha_dev[10]7",-0.366661750116887,0.00817120060230355,0.905651397291021,-2.12491079363755,-0.359825399738542,1.39930024957533,12284.2989813458,0.999719235383432,"Upper Skeena"
"alpha_dev[11]7",-0.0566174425628406,0.00848679987331481,0.892826016715797,-1.7760257133317,-0.0444430181176977,1.69701391532981,11067.4036944983,0.999774218408918,"Upper Skeena"
"alpha_dev[12]7",0.150096635727854,0.010146734227822,0.928740735666773,-1.65322666223835,0.152590675630638,1.96118601675408,8377.92405228982,1.00046547914835,"Upper Skeena"
"alpha_dev[13]7",-0.630747069614706,0.00797935810481775,0.899452260882789,-2.38006673203001,-0.645402457506811,1.16027857085857,12706.3356432511,0.999733018222239,"Upper Skeena"
"alpha_dev[14]7",-0.154063017798686,0.00915873662516586,0.898946378890826,-1.92497866371578,-0.161148852782854,1.58971828900091,9633.77355853555,0.999780877904149,"Upper Skeena"
"alpha_dev[15]7",-0.640978234724332,0.00853746583080631,0.908458284654527,-2.3918752934018,-0.643849429032176,1.12862201101045,11322.7527142314,0.999999638291192,"Upper Skeena"
"alpha_dev[16]7",-0.274635108361209,0.0083941636076452,0.890590836403008,-2.01484914041448,-0.260771569695506,1.40970009757083,11256.4535911242,0.999765431525603,"Upper Skeena"
"alpha_dev[17]7",-0.22114340381932,0.00821958698839172,0.883847113087344,-1.9336170022623,-0.219637205876697,1.52190318178726,11562.5680961361,0.999651353856601,"Upper Skeena"
"alpha_dev[18]7",-0.00444761046352998,0.00874143475435972,0.912942882984528,-1.81319927497448,0.00267653288361156,1.72909254842673,10907.413409986,0.999894248769398,"Upper Skeena"
"alpha_dev[19]7",-0.477663442821626,0.00808809644578875,0.906567939035342,-2.2368570679536,-0.474914202598507,1.27997120161314,12563.4255215508,1.00000756892137,"Upper Skeena"
"alpha_dev[20]7",-0.428800998150405,0.00812090354674961,0.896905428211588,-2.16625901930267,-0.426602613821412,1.30360876159995,12197.8868435036,0.999668291281,"Upper Skeena"
"alpha_dev[21]7",-1.12167963919778,0.00869161276646024,0.893923209876956,-2.8622511292553,-1.12695913908402,0.626855291426327,10577.9056413961,0.999953100428829,"Upper Skeena"
"alpha_dev[22]7",-0.772046369362999,0.008156182005196,0.900062958962756,-2.54172395760663,-0.760019620638417,0.984932202514441,12177.8876033241,0.999692041750037,"Upper Skeena"
"alpha_dev[23]7",-0.44706086047694,0.0085484244181108,0.89361531144238,-2.17778060329969,-0.435907322776908,1.25333370518601,10927.7072182944,0.999981357227851,"Upper Skeena"
"alpha_dev[24]7",-0.608530559126009,0.00785986640093252,0.893786609161524,-2.35082496918273,-0.611767253550763,1.17778658522915,12931.1562426267,0.999624026372954,"Upper Skeena"
"alpha_dev[25]7",0.0131414162809148,0.00848693635928073,0.896621614154611,-1.74685213609123,0.0206196828581773,1.74704713972532,11161.3445912136,0.999705290809267,"Upper Skeena"
"alpha_dev[26]7",-0.080691491284899,0.0077396790398119,0.907484818045299,-1.87042090800123,-0.0797479916513385,1.69600442194235,13747.7882431191,0.999945227816443,"Upper Skeena"
"alpha_dev[27]7",0.192623587664955,0.00903206465031567,0.920797948163596,-1.60955828245236,0.199210171541404,2.00907038403656,10393.3274584886,1.00044371900979,"Upper Skeena"
"alpha_dev[28]7",0.0374755618471846,0.00785965897098515,0.909080851255545,-1.74359017415108,0.0229320667498792,1.82940608684777,13378.1978640652,1.00006341957394,"Upper Skeena"
"alpha_dev[29]7",-0.171627222007207,0.00858861297528437,0.883585333634031,-1.86879068137865,-0.181237424968423,1.57942959171057,10584.0268162723,1.00041482416266,"Upper Skeena"
"alpha_dev[30]7",0.136051825225305,0.00834974842577093,0.894144172481012,-1.62752666243005,0.134677847932731,1.88772301995349,11467.4886686099,0.999938984293633,"Upper Skeena"
"alpha_dev[31]7",-0.0360106583223035,0.0090298698283994,0.915545455891826,-1.82481498050374,-0.0421405661031777,1.77488605686126,10280.0882634395,0.99970129404129,"Upper Skeena"
"alpha_dev[32]7",0.468747731208072,0.00822246571620375,0.913969666232477,-1.31931471861726,0.466540205068487,2.23683805396907,12355.4742977921,1.00049308054061,"Upper Skeena"
"alpha_dev[33]4",0.684771603137441,0.0085425433621583,0.918377741513397,-1.1404139609477,0.689211688756955,2.44648934619385,11557.6174280057,0.999678874281504,"Upper Skeena"
"alpha_dev[34]4",0.574389890290846,0.00835342880337392,0.928841550704302,-1.30535649876965,0.581289167176338,2.35923248709193,12363.8497522901,0.999800799226172,"Upper Skeena"
"alpha_dev[35]4",0.225233374103411,0.00823485022140359,0.937726845195388,-1.60209534961726,0.221160254501388,2.08670905047843,12967.0531024457,0.999836400147755,"Upper Skeena"
"alpha_dev[36]4",0.153298022574838,0.00854437486228402,0.968093365090129,-1.73599442252132,0.158371223797931,2.06790805116577,12837.3061926991,0.999914262449454,"Upper Skeena"
"alpha_dev[37]4",0.00293357798943795,0.00778277500060481,0.991505054864456,-1.93659436492266,0.0135469565237144,1.9004758250324,16230.0895059569,0.999628571698245,"Upper Skeena"
"alpha_dev[38]4",0.0047886673494752,0.00818143993739791,1.00061037278236,-1.96160229483818,0.00858450468385031,1.9545793796972,14957.8959703832,0.999981578927966,"Upper Skeena"
"alpha_dev[39]4",-0.00625251404768615,0.00817362757894427,0.990415818064967,-1.98765212261521,-0.0155012583074324,1.95794441544134,14682.6837396103,0.999724370583951,"Upper Skeena"
"alpha_dev[40]4",-0.00114013424969391,0.00852905367533693,1.00566737695152,-1.93746106515747,-0.0178709005959732,1.93498066939535,13902.9521903623,0.999614510362896,"Upper Skeena"
"alpha_dev[41]4",0.00275883243253273,0.00843667458281106,0.994658975201258,-1.97124720420224,0.00533141532185723,1.92055098938285,13899.7124444693,0.999837840730681,"Upper Skeena"
"ln_alpha[1]8",1.34217687360441,0.0056161539396023,0.424583136155918,0.521018570737978,1.34264247759729,2.20215125365576,5715.41110738215,1.00080578169663,"Zymoetz"
"ln_alpha[2]8",1.32167398801161,0.00533002880644238,0.400257922584878,0.515186027012653,1.32526737488981,2.11604891362826,5639.24238205205,1.000733471172,"Zymoetz"
"ln_alpha[3]8",1.45657702669848,0.00553511991100404,0.401472061143133,0.688011473577427,1.45201292802645,2.27571154826324,5260.85810056201,1.00122098286967,"Zymoetz"
"ln_alpha[4]8",1.50894336847979,0.00608839819870682,0.415732190243144,0.726465640472403,1.49582374931987,2.35827878468042,4662.52538228439,1.00148294525528,"Zymoetz"
"ln_alpha[5]8",1.47363897608271,0.005562153602827,0.396336262744125,0.710405986376486,1.46982375187496,2.26133228222141,5077.40333186282,1.00084128592809,"Zymoetz"
"ln_alpha[6]8",1.46331049384713,0.00549273672186041,0.395608331495589,0.711161121838507,1.4544928296223,2.29143550726707,5187.44246267589,1.00050992078147,"Zymoetz"
"ln_alpha[7]8",1.43187309601056,0.00528126267751515,0.394309332980209,0.681978148006898,1.42517528135237,2.22726819417296,5574.40573207001,1.00011347686783,"Zymoetz"
"ln_alpha[8]8",1.36864463892093,0.00528358490315201,0.397768486944495,0.633960391334786,1.36192723110085,2.16693742618448,5667.65446971918,1.00021607182431,"Zymoetz"
"ln_alpha[9]8",1.32298889922167,0.00563879226123926,0.418762260553067,0.541067045723773,1.3118168103254,2.1630731912219,5515.22050843136,1.0005552387621,"Zymoetz"
"ln_alpha[10]8",1.33174917907723,0.00545327504157107,0.413577089364052,0.556188896615527,1.31928207547488,2.19067770484191,5751.72535417379,1.00023624674186,"Zymoetz"
"ln_alpha[11]8",1.36561160120768,0.00557511422803547,0.406528725784864,0.608422076930194,1.35425416907511,2.20889673084723,5317.10133667325,1.00037709971378,"Zymoetz"
"ln_alpha[12]8",1.45308049429584,0.00609121992701492,0.416237298464889,0.666478288181997,1.4417899085107,2.31678585006556,4669.53277320412,1.00027299644932,"Zymoetz"
"ln_alpha[13]8",1.52160475602834,0.00709256608554978,0.443777007997101,0.704859561298749,1.50481429128033,2.44208418783274,3914.91929305341,1.00041025867281,"Zymoetz"
"ln_alpha[14]8",1.47071846800622,0.00653510934881572,0.430305289245693,0.663931549227692,1.45752792752123,2.34988349926062,4335.58446177961,1.00038141269822,"Zymoetz"
"ln_alpha[15]8",1.44301273478464,0.00663847975819464,0.436973805133579,0.621931266012557,1.43015737200146,2.34482640466921,4332.84882207684,1.0005540245035,"Zymoetz"
"ln_alpha[16]8",1.32771818292727,0.00590293900366697,0.424151378393795,0.532324177670681,1.31861694636682,2.19449682587411,5163.03624944655,1.00031670969555,"Zymoetz"
"ln_alpha[17]8",1.34818858331435,0.00679790066872243,0.452124278323989,0.510254984948514,1.33084021042885,2.28314794227088,4423.49996720945,1.00049019994914,"Zymoetz"
"ln_alpha[18]8",1.29046195122672,0.00681574203249563,0.464479518673516,0.444634079398803,1.26596699586463,2.26238973647215,4644.15651594845,1.00030067008024,"Zymoetz"
"ln_alpha[19]8",1.297894322642,0.00725808318671372,0.468595463325707,0.462469503233205,1.27567900482185,2.27412013124757,4168.23577263988,1.00066986918816,"Zymoetz"
"ln_alpha[20]8",1.20950734913763,0.00677617962944285,0.455093853905563,0.378482270426676,1.18169302917691,2.14777328270112,4510.57720052844,1.00085480550899,"Zymoetz"
"ln_alpha[21]8",1.12737185089052,0.00644389478600593,0.447997524270558,0.300180184182287,1.10062677995052,2.05498142585702,4833.41790388934,1.00023070732817,"Zymoetz"
"ln_alpha[22]8",1.03742533555314,0.00618023019343396,0.43120333310208,0.230519402176569,1.02094764832656,1.92965612858618,4868.04871369075,1.00022886346104,"Zymoetz"
"ln_alpha[23]8",0.97907510951146,0.00605445894951912,0.426211823006405,0.193021713521622,0.964422061130375,1.89061250726329,4955.64636622256,1.00004300771335,"Zymoetz"
"ln_alpha[24]8",0.870222425089137,0.00562303896159773,0.411038399623021,0.105888606253055,0.855374211702579,1.71711321302007,5343.460539822,0.999979050975006,"Zymoetz"
"ln_alpha[25]8",0.785614781895396,0.00525625315268165,0.393578319202499,0.0396581327775616,0.774333052505126,1.58800966844804,5606.73185428854,0.99999113263971,"Zymoetz"
"ln_alpha[26]8",0.707004882807781,0.00497921456864641,0.37985456455854,-0.0181367432073281,0.695174733466856,1.48942454482191,5819.86640687018,0.999834208930703,"Zymoetz"
"ln_alpha[27]8",0.630683130629564,0.00475649602151684,0.373851969422209,-0.0838461927722342,0.625604703862263,1.38305695002793,6177.67518668596,0.999688770415381,"Zymoetz"
"ln_alpha[28]8",0.491181814046739,0.00465625085483943,0.375578729171311,-0.234007022140785,0.489527455922257,1.22436079597577,6506.2273740887,0.999588104296536,"Zymoetz"
"ln_alpha[29]8",0.478155000862418,0.00439919878116034,0.359385307489043,-0.227105353619962,0.476579881710785,1.18932688486037,6673.8042416535,0.999658964418686,"Zymoetz"
"ln_alpha[30]8",0.448351790712598,0.00424690817315955,0.353663621699017,-0.257351566471371,0.452857619761407,1.13685953534862,6934.81753289762,0.999752683380139,"Zymoetz"
"ln_alpha[31]8",0.449094030870879,0.00420143684879988,0.347883791030666,-0.234067794853859,0.452600221575257,1.12908741767587,6856.02998006735,0.999935457825379,"Zymoetz"
"ln_alpha[32]8",0.400773057259647,0.00427221023096769,0.353556661025823,-0.303194949618359,0.404714119406614,1.07454741536439,6848.77369722774,1.00002323747639,"Zymoetz"
"ln_alpha[33]5",0.39552942322478,0.00438431437910189,0.357782466571466,-0.323277982793133,0.397733273571985,1.077338215105,6659.3943276739,1.00017472553128,"Zymoetz"
"ln_alpha[34]5",0.447319191022378,0.00437590266496905,0.360216364742208,-0.265392195212297,0.446620898014403,1.15343188229317,6776.28356759648,0.999918447075178,"Zymoetz"
"ln_alpha[35]5",0.542771418254915,0.00473610169542256,0.383786672175655,-0.200780445406884,0.532642640668413,1.31327241414635,6566.55731651644,0.999818170980236,"Zymoetz"
"ln_alpha[36]5",0.540383036421937,0.0051187662661984,0.414740214140397,-0.255852695527867,0.533157322099617,1.3968606614901,6564.80298000164,0.999829400358137,"Zymoetz"
"ln_alpha[37]5",0.470259761374286,0.00565453635449203,0.471912569377099,-0.506600454151952,0.476390098315253,1.38902295048241,6965.12778578148,0.999796308396475,"Zymoetz"
"ln_alpha[38]5",0.471749299906919,0.0060237284268516,0.530069213761317,-0.60342761130629,0.480859272145488,1.5161861904735,7743.44815011132,0.999759566734563,"Zymoetz"
"ln_alpha[39]5",0.47283150810645,0.00642773074296166,0.580521851344265,-0.71460670235259,0.479717673113219,1.62457825407103,8156.83714245653,0.999817709847939,"Zymoetz"
"ln_alpha[40]5",0.472159311708907,0.00682858091417033,0.623414021830213,-0.803639941230247,0.481412264194416,1.71513228475724,8334.74299342772,0.999742603017929,"Zymoetz"
"ln_alpha[41]5",0.467635879045906,0.00733238617208948,0.667825137178715,-0.906610122916349,0.479981415705546,1.79369600488234,8295.35286467426,0.999801111080174,"Zymoetz"
"beta8",0.000291629400233233,1.9416261704988e-06,0.000119253244352076,7.23686287895426e-05,0.000285639512692176,0.000548120344014114,3772.32561051088,1.00052058848647,"Zymoetz"
"pi[1]8",0.269337999700431,0.000280091479624562,0.0286236504362981,0.214975403962247,0.26865583845949,0.32655399741481,10443.6003314407,0.999851829979195,"Zymoetz"
"pi[2]8",0.498919090886997,0.000417284491830323,0.0333278135050993,0.432445073220904,0.499474539974448,0.56252501444717,6378.94937434061,0.999815817565355,"Zymoetz"
"pi[3]8",0.231742909412572,0.000306534675567871,0.0269609477436322,0.180440898613624,0.230969180265152,0.286895883879181,7735.90433056984,0.99973264349153,"Zymoetz"
"alpha_dev[1]8",-0.0750430339523284,0.00915875014085859,0.980780477420273,-1.99016902676772,-0.0860781263091121,1.85598479220696,11467.564794437,0.999797342038016,"Zymoetz"
"alpha_dev[2]8",0.532976790680093,0.0107074431046901,0.961194493477005,-1.38137747222709,0.539436380070116,2.39122104432588,8058.44038609664,1.00018744894869,"Zymoetz"
"alpha_dev[3]8",0.216160646743496,0.00873732328109208,0.942886711887798,-1.61777051020127,0.224769694154569,2.05293184700026,11645.6094310746,1.00013692634066,"Zymoetz"
"alpha_dev[4]8",-0.141394908407654,0.00868486489759641,0.936010297471395,-1.9933101468177,-0.131950302570464,1.69200104588747,11615.4253873506,0.999937868107797,"Zymoetz"
"alpha_dev[5]8",-0.0516011979703472,0.00843004228941528,0.930665769087716,-1.84786203774406,-0.0555872420062932,1.74684052032599,12187.8745172496,0.999832138809198,"Zymoetz"
"alpha_dev[6]8",-0.14923498365033,0.00830085565275303,0.911672195005799,-1.93426364611547,-0.155997755762368,1.6343292408581,12062.3436023902,0.999942631784859,"Zymoetz"
"alpha_dev[7]8",-0.273477696794241,0.00872731836278968,0.947564842258438,-2.11815925222933,-0.268969384552572,1.59653806060109,11788.437344375,0.999708201809257,"Zymoetz"
"alpha_dev[8]8",-0.202425907673906,0.0084667060856173,0.928455104866089,-2.02539765705293,-0.202405759583754,1.62441903886672,12025.2149772837,0.999701762618815,"Zymoetz"
"alpha_dev[9]8",0.0172944869276506,0.00832690265309024,0.932376095581723,-1.81621658813631,0.0248286276086137,1.83463932008921,12537.6252881703,0.999681008048289,"Zymoetz"
"alpha_dev[10]8",0.12324586602425,0.00876337426169032,0.940765526573109,-1.71360265145701,0.125711640460537,1.98688675579349,11524.4463383533,0.999600333375845,"Zymoetz"
"alpha_dev[11]8",0.343485634420478,0.00952595012844375,0.95483233246621,-1.55000818732484,0.359924315850162,2.19640449880283,10047.028316139,0.99967683088444,"Zymoetz"
"alpha_dev[12]8",0.251378012314696,0.00940470846240377,0.956690861433849,-1.63266852283541,0.25276708443057,2.14524343910476,10347.9084141311,0.999689707253389,"Zymoetz"
"alpha_dev[13]8",-0.230629661101526,0.00858562986854703,0.934557748921417,-2.06381103660912,-0.226399282515283,1.6063980498759,11848.6251988672,0.999901649554739,"Zymoetz"
"alpha_dev[14]8",-0.168127806051737,0.00811114247260006,0.943589691334396,-2.04553421710202,-0.168233657859714,1.67324778837564,13533.256569712,0.999960498794565,"Zymoetz"
"alpha_dev[15]8",-0.501675343010618,0.00892324219786227,0.944775463926561,-2.36036504898136,-0.519964621341943,1.3875389429956,11210.1610052348,1.00044736324019,"Zymoetz"
"alpha_dev[16]8",0.00423164837603219,0.00991020165430613,0.975195778363226,-1.9824481546357,0.0145812735811659,1.90410258297323,9683.19419748433,0.999813751272939,"Zymoetz"
"alpha_dev[17]8",-0.297324421214001,0.00879127837370386,0.944554557679866,-2.13401795714498,-0.304799118494244,1.53932772259114,11543.8329012365,0.999668866711301,"Zymoetz"
"alpha_dev[18]8",-0.040507732893838,0.00944858747053725,0.93268956611663,-1.8969258417483,-0.0245976761386729,1.7119752262367,9744.0714749882,0.999724342391291,"Zymoetz"
"alpha_dev[19]8",-0.428435738665803,0.00827658569724321,0.921236511617946,-2.26583529532465,-0.434056957058591,1.40319308275506,12389.102667993,0.999589558818575,"Zymoetz"
"alpha_dev[20]8",-0.427639420019158,0.00819381981088649,0.908150737417714,-2.22015699017196,-0.427985857233149,1.37135766669443,12284.0920297249,0.999830887577285,"Zymoetz"
"alpha_dev[21]8",-0.453030649269069,0.00877571102137279,0.932259131156028,-2.29613409240181,-0.453861194054364,1.34581322858566,11285.1845110215,0.999658062402579,"Zymoetz"
"alpha_dev[22]8",-0.322994592100627,0.0085709975429471,0.932182284268215,-2.14338324423967,-0.311902507416166,1.54362681031009,11828.7526113835,1.00052537171854,"Zymoetz"
"alpha_dev[23]8",-0.531765839109454,0.00859264559320416,0.945005613980043,-2.42363421403485,-0.53685913158129,1.32491111668528,12095.2535829467,0.999870809416686,"Zymoetz"
"alpha_dev[24]8",-0.427560662162421,0.00813176126667417,0.912953296112037,-2.19442753553949,-0.420558329366031,1.35533040813546,12604.565566025,0.999810115234149,"Zymoetz"
"alpha_dev[25]8",-0.402931007733118,0.00812440805830108,0.930480864123447,-2.27412868059303,-0.401441956684445,1.39797224006843,13116.9068856229,1.00018856486577,"Zymoetz"
"alpha_dev[26]8",-0.394370786263999,0.00941207068934896,0.934878898866779,-2.20783716667594,-0.390134889563981,1.44691506114068,9865.98280717532,0.999755725176596,"Zymoetz"
"alpha_dev[27]8",-0.622368498742527,0.0087674620859631,0.95238076107122,-2.48451983596058,-0.621037212774806,1.22378155931064,11799.7670719926,1.00024472774279,"Zymoetz"
"alpha_dev[28]8",-0.117569676195658,0.00837168578664907,0.967085557117473,-2.01543516633712,-0.109371600381057,1.75735906963155,13344.5506827622,1.00004874394382,"Zymoetz"
"alpha_dev[29]8",-0.175472927500521,0.0085857123632618,0.953360379181344,-2.04569469770306,-0.169287983880743,1.68963042063887,12329.9560525535,0.99987819893593,"Zymoetz"
"alpha_dev[30]8",-0.0351351065739711,0.00916086133949598,0.944355744147112,-1.94662427063132,-0.0293980271235628,1.79431545887967,10626.7052137034,1.00013745737539,"Zymoetz"
"alpha_dev[31]8",-0.20766648775655,0.00834435563347478,0.932144500902011,-2.02059340036648,-0.210240220442024,1.58943085299395,12479.0312736155,0.999744253903361,"Zymoetz"
"alpha_dev[32]8",-0.0307817316442239,0.00899634065679916,0.96517028703452,-1.90790965530027,-0.0178589955951715,1.87114208789622,11510.0206534661,0.99956533303194,"Zymoetz"
"alpha_dev[33]5",0.20221308288762,0.00863193218815705,0.935659014236099,-1.6103861007542,0.202885588885705,2.01761314773858,11749.494225786,0.999689299395081,"Zymoetz"
"alpha_dev[34]5",0.376976205842855,0.00903326254043628,0.961779024328382,-1.52187766235305,0.387328283389412,2.24143012649164,11336.0391505131,0.999626392247578,"Zymoetz"
"alpha_dev[35]5",-0.00259770241842231,0.00899607680899135,0.969695123718507,-1.90811836177428,-0.00480008864282987,1.89544174579743,11618.8759183205,0.99978355152421,"Zymoetz"
"alpha_dev[36]5",-0.266112270904973,0.00909748582567482,1.02301616184681,-2.28345124376455,-0.249942025919666,1.73305321723887,12645.0984366439,0.999651920179813,"Zymoetz"
"alpha_dev[37]5",0.00366821097180766,0.00841894815490947,0.998378054709877,-1.94514196191794,-0.0034237635600348,1.96653362246684,14062.8836080223,0.999647132425214,"Zymoetz"
"alpha_dev[38]5",0.000898974404279861,0.00900929686218048,1.01502877720399,-2.001222428099,0.00892753327219061,1.99625695807324,12693.3108412516,0.99959814379363,"Zymoetz"
"alpha_dev[39]5",-0.0103951279671721,0.00881156997222469,0.986221664428991,-1.94067415117186,-0.0118203986893722,1.90356176924431,12526.8676330463,0.999738130949362,"Zymoetz"
"alpha_dev[40]5",-0.0180088956219808,0.00845563866219464,0.995719174976452,-2.02543632498087,-0.00487793757112684,1.92678491358063,13866.9487196578,0.999740833293971,"Zymoetz"
"alpha_dev[41]5",-0.00989353728131265,0.00870056908081638,0.987309605689979,-1.95154448736383,0.00283379891355835,1.899953451923,12876.9024461561,0.999856271034731,"Zymoetz"
